"","station_id","entry_exits_period","hourly_entries","hourly_exits"
"1","101","0:4",235,484.25
"2","101","12:16",2484,932.75
"3","101","16:20",2869,2438.75
"4","101","20:0",1114.25,1505
"5","101","4:8",2027,324.75
"6","101","8:12",5577.25,677
"7","103","0:4",684.5,48.5
"8","103","12:16",1555,58.75
"9","103","16:20",1316.75,47.75
"10","103","4:8",2425.75,21.75
"11","103","8:12",2537.75,40
"12","104","0:4",420,109.5
"13","104","12:16",4075,274.5
"14","104","16:20",4907,681.75
"15","104","20:0",2091.75,350.5
"16","104","4:8",2103.25,61.75
"17","104","8:12",7218.5,236
"18","106","0:4",331.25,167
"19","106","12:16",2523.75,380.25
"20","106","16:20",3229.25,1162.5
"21","106","20:0",1591.75,587.75
"22","106","4:8",1138,68.25
"23","106","8:12",3991.75,411.75
"24","107","0:4",112.5,101.5
"25","107","12:16",1117,368
"26","107","16:20",1191.5,517.5
"27","107","20:0",439.25,301.5
"28","107","4:8",195.75,72.5
"29","107","8:12",1094.75,340.25
"30","108","0:4",418.5,463.5
"31","108","12:16",2731,1199.75
"32","108","16:20",3633.5,2227.5
"33","108","20:0",1757.5,1219.25
"34","108","4:8",1329.5,381
"35","108","8:12",4111,973.5
"36","109","0:4",440.75,862.25
"37","109","12:16",3175.25,1317.5
"38","109","16:20",3686.25,2291
"39","109","20:0",1703.5,1750.5
"40","109","4:8",1436,317.75
"41","109","8:12",4934.5,1113.25
"42","110","0:4",480,1797.5
"43","110","12:16",3746.5,2894
"44","110","16:20",4832.75,6920.75
"45","110","20:0",2047.5,4787.5
"46","110","4:8",1723,545.5
"47","110","8:12",6249,3131
"48","111","0:4",685.5,2206.25
"49","111","12:16",5584.25,5065
"50","111","16:20",6956.5,9294.5
"51","111","20:0",3201.5,5398.75
"52","111","4:8",1916,823.5
"53","111","8:12",7615.25,4047.25
"54","113","0:4",2301,4717.75
"55","113","12:16",5623.5,3336.75
"56","113","16:20",4936.5,5524.75
"57","113","4:8",4107.75,907
"58","113","8:12",6792.75,2279.25
"59","114","0:4",636.75,1901.5
"60","114","12:16",5062.25,2902.25
"61","114","16:20",5364.5,6010.5
"62","114","20:0",2791.75,4553.25
"63","114","4:8",1758.75,737.75
"64","114","8:12",7117.75,2035
"65","115","0:4",2539,5238.5
"66","115","12:16",6792.5,4059.25
"67","115","16:20",5903.25,6685.75
"68","115","4:8",4293.25,1443.75
"69","115","8:12",8078.5,2958
"70","116","0:4",650.25,1185.5
"71","116","12:16",3895.25,3019.5
"72","116","16:20",5113,5483.25
"73","116","20:0",2353.75,3868.5
"74","116","4:8",838,1064.5
"75","116","8:12",4285,2893.5
"76","117","0:4",2328.75,1230
"77","117","12:16",5988.5,2368.5
"78","117","16:20",9580.25,2024.5
"79","117","4:8",751.5,1080.75
"80","117","8:12",3650.5,4414.75
"81","119","0:4",3693.75,3152.75
"82","119","12:16",6945.75,2903.25
"83","119","16:20",7477.5,4962.25
"84","119","4:8",2819.5,816.25
"85","119","8:12",9297.5,2196.5
"86","120","0:4",10676.5,14291.5
"87","120","12:16",19137,17358.5
"88","120","16:20",22370.5,27207
"89","120","4:8",7078.5,6492.5
"90","120","8:12",24846,15187
"91","121","0:4",5994.5,6349.75
"92","121","12:16",10286,9984.25
"93","121","16:20",13370.25,13759.25
"94","121","20:0",238.25,85.5
"95","121","4:8",3046,3377.5
"96","121","8:12",11449.5,9722
"97","122","0:4",5483.5,2543.25
"98","122","12:16",9129.75,4816.25
"99","122","16:20",12838,5573
"100","122","4:8",1852.75,1524
"101","122","8:12",8836.25,4509.25
"102","123","0:4",12779.5,9540
"103","123","12:16",19334.5,18478.25
"104","123","16:20",26256.75,24915
"105","123","4:8",4872.5,6028.75
"106","123","8:12",19863,16014.75
"107","124","0:4",9567.75,4368
"108","124","12:16",14072.25,10627.5
"109","124","16:20",20550.5,14949.75
"110","124","4:8",1859.25,5492.25
"111","124","8:12",8414.5,14578
"112","125","0:4",9031.5,2756.25
"113","125","12:16",28941.5,25560.75
"114","125","16:20",64638.5,27371.25
"115","125","20:0",30228.25,12454.5
"116","125","4:8",2414,6012.25
"117","125","8:12",18234,38581.25
"118","126","0:4",3331.75,1218
"119","126","12:16",8756.75,10181.25
"120","126","16:20",26974,13377
"121","126","20:0",12907.25,6013
"122","126","4:8",810.5,2808.25
"123","126","8:12",5267.75,23395.75
"124","127","0:4",17120.25,6217.25
"125","127","12:16",34820,44733.5
"126","127","16:20",86191.25,59009.5
"127","127","20:0",50383.5,25314
"128","127","4:8",5941.5,7888.25
"129","127","8:12",24061,64747.25
"130","128","0:4",13569.75,8510.5
"131","128","12:16",37501.25,29354.25
"132","128","16:20",49314,56918.75
"133","128","20:0",39692,43637.25
"134","128","4:8",6013.25,4118
"135","128","8:12",61910.75,23901.5
"136","129","0:4",4246.5,1865.25
"137","129","12:16",7398,4562
"138","129","16:20",12558.25,4297
"139","129","4:8",823.75,1695.5
"140","129","8:12",4765.75,7513
"141","130","0:4",5545.25,2930.75
"142","130","12:16",7730.75,6456.75
"143","130","16:20",11983.25,7726.75
"144","130","4:8",1041.75,2265
"145","130","8:12",5298,7893.75
"146","131","0:4",628,269.75
"147","131","12:16",3577.75,2401.25
"148","131","16:20",7138.75,3003.25
"149","131","20:0",3097.75,1143
"150","131","4:8",247.75,397.75
"151","131","8:12",2666,3369.25
"152","132","0:4",6698.5,2978.5
"153","132","12:16",17382.5,20021
"154","132","16:20",37066.25,25433.5
"155","132","20:0",24861.25,13649.25
"156","132","4:8",2310.25,3716.5
"157","132","8:12",14783.75,25601.75
"158","134","0:4",3799,1687.5
"159","134","12:16",7089.25,4363.25
"160","134","16:20",14385.5,4332.5
"161","134","4:8",645.75,2159
"162","134","8:12",4000.5,8110.25
"163","135","0:4",1284,939.25
"164","135","12:16",2907,3031
"165","135","16:20",5977,2604.25
"166","135","4:8",252.25,895.5
"167","135","8:12",1518.25,4911.25
"168","136","0:4",1600,518.75
"169","136","12:16",2995,1416.75
"170","136","16:20",4740.75,1533
"171","136","4:8",450.75,689.75
"172","136","8:12",2035,2378.5
"173","137","0:4",1322,844.25
"174","137","12:16",8304.75,8117.25
"175","137","16:20",20369,8316.5
"176","137","20:0",6992.25,3299.25
"177","137","4:8",450,1826.5
"178","137","8:12",5513.25,15219
"179","139","0:4",475.75,664
"180","139","12:16",5398,3527.75
"181","139","16:20",10270.75,4195.25
"182","139","20:0",2797,2137.75
"183","139","4:8",342.5,624
"184","139","8:12",4844.25,6798
"185","140","0:4",2102.25,4290.5
"186","140","12:16",8142,8890.5
"187","140","16:20",10380.75,8436
"188","140","4:8",4533,1595.25
"189","140","8:12",7223.5,11543.75
"190","201","0:4",1415,2660.25
"191","201","12:16",1861.75,1692.75
"192","201","16:20",3032.5,4464.25
"193","201","4:8",3135,1157
"194","201","8:12",2197.25,1444.75
"195","204","0:4",702.5,464
"196","204","12:16",1619,688.75
"197","204","16:20",1458.25,1126.5
"198","204","4:8",2515.25,235.75
"199","204","8:12",1806.5,531
"200","205","0:4",1119.75,675.5
"201","205","12:16",2622,842.75
"202","205","16:20",2171,1412.75
"203","205","4:8",3485.75,264.5
"204","205","8:12",2945.25,566.75
"205","206","0:4",847.25,861
"206","206","12:16",2220.5,799.25
"207","206","16:20",1556.75,1546.75
"208","206","4:8",2907.25,298.5
"209","206","8:12",2368.25,462.75
"210","207","0:4",763.75,676.5
"211","207","12:16",1502,628.25
"212","207","16:20",1193.75,1150
"213","207","4:8",2389.75,308
"214","207","8:12",1917.25,377
"215","208","0:4",2126,3432.5
"216","208","12:16",6373,3986.25
"217","208","16:20",5289.25,6804.75
"218","208","20:0",948,751
"219","208","4:8",6177,1999.5
"220","208","8:12",8300.5,3470.5
"221","209","0:4",699.5,586.5
"222","209","12:16",1541.5,546.25
"223","209","16:20",1154.25,1051
"224","209","4:8",2546,157.75
"225","209","8:12",2084,290.25
"226","210","0:4",1189,937.25
"227","210","12:16",2707.25,1177.5
"228","210","16:20",2238.25,1621.25
"229","210","4:8",3292,360.5
"230","210","8:12",3087.25,815.75
"231","211","0:4",2415.25,2344.25
"232","211","12:16",6301.25,2960.25
"233","211","16:20",5937,4678.5
"234","211","4:8",6703,1063.5
"235","211","8:12",6458.25,2293.75
"236","212","0:4",512.25,437.5
"237","212","12:16",1317,534.75
"238","212","16:20",957.5,797.25
"239","212","4:8",1766,231.5
"240","212","8:12",1563.25,356.5
"241","213","0:4",1358,2803
"242","213","12:16",3120,2265
"243","213","16:20",2449.25,4643.75
"244","213","4:8",4811.25,825.25
"245","213","8:12",4097,1625.25
"246","215","0:4",1579.5,2654
"247","215","12:16",4049.75,2805.5
"248","215","16:20",3113.5,3766
"249","215","4:8",3526,969.75
"250","215","8:12",4091.25,2022
"251","216","0:4",1010.25,2159.25
"252","216","12:16",2412.25,1770.25
"253","216","16:20",1867.25,2809.5
"254","216","4:8",2577,566
"255","216","8:12",2798.5,1077.25
"256","217","0:4",2142.25,732.75
"257","217","12:16",6089,975
"258","217","16:20",4915,1150.75
"259","217","4:8",4048.5,217.25
"260","217","8:12",5188.75,572.5
"261","218","0:4",725,1523.25
"262","218","12:16",1980.75,1452.5
"263","218","16:20",1749,2202
"264","218","4:8",1560.25,676.25
"265","218","8:12",1766.5,1422
"266","219","0:4",1649.25,913.25
"267","219","12:16",4414,1012
"268","219","16:20",3811,1634
"269","219","4:8",3498.5,296.5
"270","219","8:12",4424.5,785
"271","220","0:4",1164,590.25
"272","220","12:16",3078.25,578.25
"273","220","16:20",2401,944
"274","220","4:8",2744.5,244.75
"275","220","8:12",3380,406.25
"276","221","0:4",1091.5,1365.75
"277","221","12:16",11984.75,4036.5
"278","221","16:20",15187.25,6714
"279","221","20:0",5394,3483.5
"280","221","4:8",5045.5,984.5
"281","221","8:12",16344,5006.5
"282","222","0:4",1009.5,1190.5
"283","222","12:16",5791.25,2922.75
"284","222","16:20",8034.25,3437.75
"285","222","20:0",3088.25,2047.5
"286","222","4:8",1614.75,905.25
"287","222","8:12",5445.75,3436.5
"288","224","0:4",1260.5,920.25
"289","224","12:16",7009,1840
"290","224","16:20",9434.25,3229.75
"291","224","20:0",4318,2387.75
"292","224","4:8",1916.5,471
"293","224","8:12",10537.25,2450.5
"294","225","0:4",4691.5,1899.5
"295","225","12:16",8825.75,2780
"296","225","16:20",10578.25,3323.75
"297","225","4:8",2623.25,1405.5
"298","225","8:12",7177,3164.25
"299","226","0:4",3235.25,2162
"300","226","12:16",6013.5,2478.75
"301","226","16:20",6554.25,3977
"302","226","4:8",3173.75,895.5
"303","226","8:12",7247.75,1792.5
"304","228","0:4",166.5,114
"305","228","12:16",1576.25,1307.75
"306","228","16:20",4311.25,977.25
"307","228","20:0",977.5,388.25
"308","228","4:8",109,411.75
"309","228","8:12",704.5,3504.25
"310","229","0:4",9900,5509.25
"311","229","12:16",31614.5,26845.5
"312","229","16:20",71816.5,23765
"313","229","20:0",13006.5,6490.5
"314","229","4:8",3833,10364.75
"315","229","8:12",18144.5,57823.75
"316","230","0:4",1160,981
"317","230","12:16",9025,7612.5
"318","230","16:20",32870.25,6719.25
"319","230","20:0",7245.25,3404.25
"320","230","4:8",484.5,2851.75
"321","230","8:12",5501,31942.25
"322","231","0:4",424.25,349.5
"323","231","12:16",2360.25,1702.25
"324","231","16:20",3507.25,2359.25
"325","231","20:0",1603,1561.5
"326","231","4:8",263.5,200.75
"327","231","8:12",3899.5,1214.5
"328","232","0:4",1589.5,962.5
"329","232","12:16",18337.5,11482
"330","232","16:20",30028.25,13894
"331","232","20:0",9112.25,5799.75
"332","232","4:8",1115.25,1836.75
"333","232","8:12",17027.5,18381
"334","233","0:4",454.25,382.25
"335","233","12:16",3848.5,3436.5
"336","233","16:20",7197.75,3684.25
"337","233","20:0",2445,1329.75
"338","233","4:8",195.5,683
"339","233","8:12",2196.75,5102.75
"340","234","0:4",707.25,582.75
"341","234","12:16",5034,4520.75
"342","234","16:20",8756,5558.5
"343","234","20:0",3145.25,2334.5
"344","234","4:8",633,1342.25
"345","234","8:12",4371.75,6627
"346","235","0:4",5158,2555.25
"347","235","12:16",15927.5,17126.25
"348","235","16:20",28290,37264.75
"349","235","20:0",20320.75,17980
"350","235","4:8",3370.5,2401
"351","235","8:12",25486,16908.75
"352","236","0:4",309.25,301.75
"353","236","12:16",1422,1079.25
"354","236","16:20",1764.25,2556.5
"355","236","20:0",1231.75,1607.25
"356","236","4:8",272.75,185.25
"357","236","8:12",3340.75,1068.25
"358","237","0:4",779.75,472.25
"359","237","12:16",2914.5,1210.25
"360","237","16:20",4089.75,2960.25
"361","237","20:0",1736.5,1988.5
"362","237","4:8",532.75,138.75
"363","237","8:12",6636.5,1022.75
"364","238","0:4",265.5,616
"365","238","12:16",2019,1720.25
"366","238","16:20",2779.75,3335.5
"367","238","20:0",1030.75,2572.5
"368","238","4:8",418,158.5
"369","238","8:12",3603.25,1304.5
"370","239","0:4",879.75,1389.75
"371","239","12:16",6117.25,2536
"372","239","16:20",6347.75,6539.75
"373","239","20:0",3129,5363
"374","239","4:8",1917.75,471.25
"375","239","8:12",11371,2541
"376","248","0:4",315,964.25
"377","248","12:16",1916.25,1366
"378","248","16:20",2389.5,3006.75
"379","248","20:0",1192.25,2443.75
"380","248","4:8",708,355
"381","248","8:12",2980,1547
"382","249","0:4",264.5,837
"383","249","12:16",2749.5,1592.75
"384","249","16:20",2689.25,3042.75
"385","249","20:0",1159,2375.5
"386","249","4:8",789.25,282.25
"387","249","8:12",3863.75,1784
"388","250","0:4",1208.5,3369
"389","250","12:16",11354.5,6791.75
"390","250","16:20",10626.25,17173.75
"391","250","20:0",5689.25,10901
"392","250","4:8",6767.25,1257
"393","250","8:12",25139.75,4957.75
"394","252","0:4",284.25,305.25
"395","252","12:16",2368.25,663.25
"396","252","16:20",2128.25,1991.5
"397","252","20:0",1096.5,1142.5
"398","252","4:8",2320.5,179.5
"399","252","8:12",4717.25,566
"400","253","0:4",292.75,887.5
"401","253","12:16",2489.75,2116.75
"402","253","16:20",2509.75,4415.25
"403","253","20:0",1211.25,2472
"404","253","4:8",1544,349.75
"405","253","8:12",4556,1696
"406","254","0:4",147.5,194.25
"407","254","12:16",1022.5,462.5
"408","254","16:20",1196.25,654.5
"409","254","20:0",554.25,388.5
"410","254","4:8",468.5,131
"411","254","8:12",1820.75,481.75
"412","255","0:4",319.75,288
"413","255","12:16",2539.75,499.75
"414","255","16:20",2611.75,903.25
"415","255","20:0",1137.25,591.75
"416","255","4:8",1402.75,136.25
"417","255","8:12",4191,512
"418","256","0:4",164,182.75
"419","256","12:16",1339.5,334.75
"420","256","16:20",1203.75,679
"421","256","20:0",601.75,395.5
"422","256","4:8",1040.75,93
"423","256","8:12",2969.25,247.25
"424","257","0:4",588.25,813
"425","257","12:16",2731,1716.75
"426","257","16:20",2891.5,3388.5
"427","257","20:0",1258.5,1823.25
"428","257","4:8",2202,540
"429","257","8:12",5225.5,1318.75
"430","301","0:4",168.75,662.5
"431","301","12:16",1776.25,1104
"432","301","16:20",2137.25,2907.75
"433","301","20:0",812,1882.75
"434","301","4:8",727,193.5
"435","301","8:12",3373.25,1323
"436","302","0:4",172.25,26.5
"437","302","12:16",1671.75,76.5
"438","302","16:20",1845.75,98.5
"439","302","20:0",781,66.75
"440","302","4:8",689.5,14
"441","302","8:12",3124.25,76.5
"442","401","0:4",600.5,411.75
"443","401","12:16",2627.25,1016.75
"444","401","16:20",3792.75,2019.75
"445","401","20:0",1750.25,1239.5
"446","401","4:8",2548.25,242.75
"447","401","8:12",4832,503
"448","402","0:4",1804.25,1062
"449","402","12:16",5058,1289.5
"450","402","16:20",4494,1712
"451","402","4:8",4078.5,562.25
"452","402","8:12",4363.25,1333.25
"453","406","0:4",1923.25,2436.75
"454","406","12:16",4740,2426.75
"455","406","16:20",3939.5,3718.5
"456","406","4:8",4798.25,1029.75
"457","406","8:12",5218,2096.5
"458","407","0:4",627.75,448.75
"459","407","12:16",5555,1105.5
"460","407","16:20",6504.5,1736
"461","407","20:0",3106,992.75
"462","407","4:8",2792.25,272.25
"463","407","8:12",6782.25,852.25
"464","408","0:4",324.75,724.25
"465","408","12:16",2521,1087
"466","408","16:20",2443.5,2392
"467","408","20:0",1943.75,2101.75
"468","408","4:8",1926,213.5
"469","408","8:12",5040.5,998.25
"470","409","0:4",556.75,1197
"471","409","12:16",5181.25,2371.25
"472","409","16:20",4833.5,3977.25
"473","409","20:0",2793.5,3210
"474","409","4:8",2793.5,476.25
"475","409","8:12",7052,1941.5
"476","410","0:4",315.5,620.25
"477","410","12:16",2650.5,1179.25
"478","410","16:20",2976.25,2180.75
"479","410","20:0",1280,1434.25
"480","410","4:8",1667.5,324
"481","410","8:12",4301.25,1228.5
"482","411","0:4",353,777.75
"483","411","12:16",2569.5,1527.5
"484","411","16:20",2870.75,2805.5
"485","411","20:0",1236.75,1850.75
"486","411","4:8",1561.75,464
"487","411","8:12",4226.25,1758.5
"488","412","0:4",540,1219
"489","412","12:16",4256,2534
"490","412","16:20",4480.5,4711.75
"491","412","20:0",2009.75,2610
"492","412","4:8",2462.75,572.75
"493","412","8:12",6622.5,2445.25
"494","413","0:4",506.5,1738
"495","413","12:16",4184.25,3470.75
"496","413","16:20",4515.25,7853
"497","413","20:0",2017.5,4393.25
"498","413","4:8",2923.25,590.75
"499","413","8:12",7198.5,3000.5
"500","414","0:4",1032.75,1365.75
"501","414","12:16",12212.25,5562
"502","414","16:20",13360.5,8495
"503","414","20:0",4319.5,4275.75
"504","414","4:8",6290.25,1288.75
"505","414","8:12",14210,5678.75
"506","416","0:4",253.25,473
"507","416","12:16",1406.5,1314
"508","416","16:20",2184,1725.75
"509","416","20:0",692.5,796.25
"510","416","4:8",1078.5,711.25
"511","416","8:12",1683.5,1618
"512","419","0:4",1828.25,851.25
"513","419","12:16",7147,12567
"514","419","16:20",15419.75,6727.25
"515","419","20:0",19857.5,4138.75
"516","419","4:8",341.75,545.25
"517","419","8:12",3628.75,13142.75
"518","420","0:4",946.25,997.75
"519","420","12:16",13789.5,12643.5
"520","420","16:20",34986.5,12502.25
"521","420","20:0",5870.5,4037.5
"522","420","4:8",2084.75,3468.75
"523","420","8:12",10948.5,30188
"524","501","0:4",651,1535.75
"525","501","12:16",1702,1736.25
"526","501","16:20",1741,3964
"527","501","4:8",3773.75,1092.75
"528","501","8:12",2368.5,1370.75
"529","502","0:4",546.5,208.25
"530","502","12:16",2233,218.75
"531","502","16:20",1327.75,304.25
"532","502","4:8",2667.75,81
"533","502","8:12",1892,121.25
"534","503","0:4",2126,3432.5
"535","503","12:16",6373,3986.25
"536","503","16:20",5289.25,6804.75
"537","503","20:0",948,751
"538","503","4:8",6177,1999.5
"539","503","8:12",8300.5,3470.5
"540","504","0:4",2415.25,2344.25
"541","504","12:16",6301.25,2960.25
"542","504","16:20",5937,4678.5
"543","504","4:8",6703,1063.5
"544","504","8:12",6458.25,2293.75
"545","505","0:4",162.25,831.25
"546","505","12:16",813.5,875.25
"547","505","16:20",539.25,2315
"548","505","4:8",1803.25,149.75
"549","505","8:12",1415.25,440.75
"550","601","0:4",362.75,522
"551","601","12:16",2492.5,1649.25
"552","601","16:20",3060,3305.5
"553","601","20:0",1503.25,1695
"554","601","4:8",2522.75,427.25
"555","601","8:12",6484.5,1449.5
"556","603","0:4",506,1286.5
"557","603","12:16",1543.75,1540
"558","603","16:20",1029.25,3900
"559","603","4:8",3262.75,583
"560","603","8:12",2431,1003
"561","604","0:4",305.5,742.25
"562","604","12:16",3170.5,2290
"563","604","16:20",4402.75,4006
"564","604","20:0",1411.25,2484.5
"565","604","4:8",1860.25,798
"566","604","8:12",4365,3133.25
"567","607","0:4",342,1238.25
"568","607","12:16",3323.5,2235
"569","607","16:20",3007.75,6056.75
"570","607","20:0",1364.75,3397.5
"571","607","4:8",2618.5,674.75
"572","607","8:12",6427.75,1991.25
"573","608","0:4",2495.5,7113.75
"574","608","12:16",6642,7063
"575","608","16:20",4981.25,15598
"576","608","4:8",10750.75,1674.75
"577","608","8:12",10153,3473.25
"578","609","0:4",208.75,861.75
"579","609","12:16",1745.75,1217.5
"580","609","16:20",1555.5,3201.5
"581","609","20:0",721,1982.25
"582","609","4:8",1543,300.25
"583","609","8:12",3437.75,829.75
"584","610","0:4",277.5,1209.5
"585","610","12:16",2718,1806.5
"586","610","16:20",2486.75,4346.75
"587","610","20:0",1159.25,2994
"588","610","4:8",2783,504
"589","610","8:12",4985.25,1375.5
"590","611","0:4",1076.75,3255.75
"591","611","12:16",3051.5,2707.75
"592","611","16:20",2126.75,5258.75
"593","611","4:8",4329,695.75
"594","611","8:12",3620.5,1598.25
"595","612","0:4",104.25,219
"596","612","12:16",593.5,459.75
"597","612","16:20",736,1052.25
"598","612","20:0",258.75,560
"599","612","4:8",503.5,215
"600","612","8:12",1183.25,623.75
"601","613","0:4",1791.75,3037.5
"602","613","12:16",4463,3678.25
"603","613","16:20",4466.25,5495
"604","613","4:8",5164.25,2172.5
"605","613","8:12",5757.75,3064.25
"606","614","0:4",503,1043.25
"607","614","12:16",1605.5,1121.75
"608","614","16:20",1701.75,1916
"609","614","4:8",1586.25,943.75
"610","614","8:12",1653.25,1136.25
"611","615","0:4",778.75,1567
"612","615","12:16",2053.25,1714.25
"613","615","16:20",1831.75,2912.25
"614","615","4:8",2288,842.5
"615","615","8:12",2574.75,1337
"616","616","0:4",161,281.75
"617","616","12:16",484.75,418.75
"618","616","16:20",594,511.5
"619","616","4:8",312,404.75
"620","616","8:12",384.75,542.25
"621","617","0:4",618,808.5
"622","617","12:16",1983.75,1037.75
"623","617","16:20",2160.5,1283.5
"624","617","4:8",1395.25,987.25
"625","617","8:12",2071.25,1312.75
"626","618","0:4",1043,2168.75
"627","618","12:16",2997.25,2486.5
"628","618","16:20",3002.5,3647
"629","618","4:8",2841,999.75
"630","618","8:12",3512.75,1962.5
"631","619","0:4",1321,2363.25
"632","619","12:16",3720.5,2585.25
"633","619","16:20",3674.5,4271.75
"634","619","4:8",3788.75,1020.5
"635","619","8:12",4799,1935.5
"636","621","0:4",6661,9975.75
"637","621","12:16",13119.5,11722.25
"638","621","16:20",15208.5,13201.25
"639","621","4:8",6957.75,7170
"640","621","8:12",12946.75,11677
"641","622","0:4",3823.75,3620.5
"642","622","12:16",9022.5,4369.25
"643","622","16:20",9045.5,5983
"644","622","4:8",4627.75,1955.75
"645","622","8:12",9403.5,3999
"646","623","0:4",694.75,1619.75
"647","623","12:16",5651.25,3789.5
"648","623","16:20",7020.25,6903.75
"649","623","20:0",2979.25,4272.5
"650","623","4:8",1779.5,873.5
"651","623","8:12",8817.75,4003.75
"652","624","0:4",3178.75,5185.75
"653","624","12:16",8835.75,6713.25
"654","624","16:20",9937.75,9364.25
"655","624","4:8",4259.75,2963.5
"656","624","8:12",9278,5794.25
"657","625","0:4",4815.25,1937
"658","625","12:16",13795.5,2850
"659","625","16:20",16721.75,3064.5
"660","625","4:8",4488.25,2236
"661","625","8:12",14954,3759.75
"662","626","0:4",3993,3422.75
"663","626","12:16",26418,28739.5
"664","626","16:20",48407,40968.75
"665","626","20:0",21222.25,20678.25
"666","626","4:8",2902.5,4814.25
"667","626","8:12",39023.5,28462.25
"668","627","0:4",9281.75,7488.5
"669","627","12:16",20029.5,16047.75
"670","627","16:20",26335.5,20737.25
"671","627","4:8",4811.75,9242.75
"672","627","8:12",19475.75,21374
"673","628","0:4",6382.5,3147.75
"674","628","12:16",18079.25,8307.25
"675","628","16:20",25510.75,7003.5
"676","628","4:8",2578.75,7855
"677","628","8:12",11910.5,16000.75
"678","629","0:4",428.5,1326.5
"679","629","12:16",4830.5,2554.25
"680","629","16:20",7214.5,5344
"681","629","20:0",2464.75,3311.75
"682","629","4:8",2891,624.25
"683","629","8:12",10074.75,2538
"684","630","0:4",2308.75,1082.5
"685","630","12:16",10111.75,9709.5
"686","630","16:20",23374.5,10912.75
"687","630","20:0",9482.75,4559.25
"688","630","4:8",518.75,3020.25
"689","630","8:12",5341,21824.5
"690","631","0:4",20577,13629.25
"691","631","12:16",64559.5,55782.5
"692","631","16:20",145696.5,79678
"693","631","20:0",29741.25,13598.75
"694","631","4:8",13190.25,29940.75
"695","631","8:12",62350.25,120866.25
"696","632","0:4",9508.25,4856.25
"697","632","12:16",16650.5,12228.25
"698","632","16:20",27235.25,13854.5
"699","632","4:8",2860.5,5823
"700","632","8:12",13205.25,20066
"701","633","0:4",7647.5,4871
"702","633","12:16",10954,9665.25
"703","633","16:20",19788.25,11556.5
"704","633","4:8",2197,5877
"705","633","8:12",9115.5,18889.5
"706","634","0:4",6899.75,3253.75
"707","634","12:16",12795.5,9519.75
"708","634","16:20",21679.75,10677
"709","634","4:8",2275,4765.75
"710","634","8:12",10134.25,15120.25
"711","635","0:4",49547,20674
"712","635","12:16",54110.5,53735.75
"713","635","16:20",87860.5,58703
"714","635","4:8",7303.5,17690.25
"715","635","8:12",29442,58694.5
"716","636","0:4",8569.5,4861
"717","636","12:16",7663,8913.25
"718","636","16:20",11452.75,14656.75
"719","636","4:8",1850.75,2203
"720","636","8:12",7697.5,8340
"721","637","0:4",2580.25,352.5
"722","637","12:16",5064.5,2559.75
"723","637","16:20",10813.25,4304.5
"724","637","20:0",7120,1805.5
"725","637","4:8",785.25,410
"726","637","8:12",5859.75,2820.75
"727","638","0:4",1310.25,540.25
"728","638","12:16",5527.5,8319.5
"729","638","16:20",11539,9078.25
"730","638","20:0",6157,3808
"731","638","4:8",427.25,823.25
"732","638","8:12",3299.5,7372.75
"733","639","0:4",16256.5,5811.25
"734","639","12:16",28662.75,22853.75
"735","639","16:20",45862.75,17696
"736","639","4:8",1864.75,5323
"737","639","8:12",11011.75,26786.75
"738","640","0:4",1264.25,702.5
"739","640","12:16",9810.75,8847.75
"740","640","16:20",20310.75,7043
"741","640","20:0",4799,2442.75
"742","640","4:8",583.75,2486.25
"743","640","8:12",5337.5,17190.5
"744","701","0:4",2357.25,6367.75
"745","701","12:16",24573,18367
"746","701","16:20",30237.25,41465.75
"747","701","20:0",15500.25,26633.5
"748","701","4:8",11690.75,4207
"749","701","8:12",48499.75,18534
"750","702","0:4",1175.25,1580.25
"751","702","12:16",1025.5,1299.75
"752","702","16:20",1278.75,1565
"753","702","4:8",775.75,450.75
"754","702","8:12",966.25,1061.25
"755","705","0:4",387.5,1874.75
"756","705","12:16",4240.5,2286
"757","705","16:20",4274.25,5154.75
"758","705","20:0",1639.75,3943.5
"759","705","4:8",5132.5,557
"760","705","8:12",9566.25,1507.75
"761","706","0:4",706.75,3787.5
"762","706","12:16",7246.75,4898
"763","706","16:20",7560,12365.75
"764","706","20:0",3300.75,7648.25
"765","706","4:8",8341.5,976.25
"766","706","8:12",17022,2999
"767","707","0:4",713,3719.75
"768","707","12:16",7585.5,5572
"769","707","16:20",8026.75,17066.75
"770","707","20:0",3621.25,8759
"771","707","4:8",7516.5,997.75
"772","707","8:12",18335.5,3498.5
"773","708","0:4",608.75,1935.25
"774","708","12:16",6396.75,2934
"775","708","16:20",7561.75,6371.75
"776","708","20:0",3159.25,4094
"777","708","4:8",5671.75,524
"778","708","8:12",13649.5,2058.5
"779","709","0:4",721.75,2821.25
"780","709","12:16",7669.25,7997.25
"781","709","16:20",9471.75,14417.25
"782","709","20:0",4134.75,7228.5
"783","709","4:8",3190.75,871
"784","709","8:12",9681.25,6020
"785","710","0:4",3210,8378.25
"786","710","12:16",22201,16055.25
"787","710","16:20",26193.75,34794.5
"788","710","20:0",13554,21004
"789","710","4:8",10169.75,3181.75
"790","710","8:12",38710.75,9249.25
"791","711","0:4",999.75,2511
"792","711","12:16",2264.75,2326
"793","711","16:20",2141.5,3786
"794","711","4:8",2320.5,812.25
"795","711","8:12",3315.75,1433
"796","712","0:4",2922,7931.75
"797","712","12:16",6593.5,7529.5
"798","712","16:20",6581.5,15483.25
"799","712","4:8",8477.25,2183
"800","712","8:12",11757.5,3968.25
"801","713","0:4",1214.5,3799.25
"802","713","12:16",2936.5,2620.75
"803","713","16:20",2651.5,5895.25
"804","713","4:8",3023,566
"805","713","8:12",5276.75,1334
"806","714","0:4",788.75,2120.5
"807","714","12:16",6044.5,3755.75
"808","714","16:20",7147.5,8850.5
"809","714","20:0",2996,6135.25
"810","714","4:8",2871,936.25
"811","714","8:12",11651,2792.25
"812","715","0:4",481.25,1560
"813","715","12:16",4765.5,3109
"814","715","16:20",6100.75,7054.75
"815","715","20:0",2467.25,4996
"816","715","4:8",1829.75,1047.5
"817","715","8:12",8341.5,3570.75
"818","716","0:4",366,282
"819","716","12:16",6684.75,3104
"820","716","16:20",11961.5,2486.5
"821","716","20:0",2984.25,753.5
"822","716","4:8",541.75,1725.25
"823","716","8:12",2074,9043.5
"824","718","0:4",1218.75,528.5
"825","718","12:16",5149.25,1249
"826","718","16:20",9624.25,1590.25
"827","718","20:0",2507.5,1266.75
"828","718","4:8",970,900.75
"829","718","8:12",4746.5,2779.75
"830","719","0:4",1165.5,789
"831","719","12:16",7962,4069
"832","719","16:20",19852.25,4967
"833","719","20:0",5096.75,2563.5
"834","719","4:8",1611.25,2698.75
"835","719","8:12",8083.25,13218
"836","720","0:4",643.5,931
"837","720","12:16",2206.75,1432.25
"838","720","16:20",4119.75,4013.75
"839","720","4:8",2554.75,2827.5
"840","720","8:12",3938.25,2382.5
"841","721","0:4",873.75,1071.75
"842","721","12:16",5294.5,3582.75
"843","721","16:20",7158.5,8709.75
"844","721","20:0",3013.25,5693.75
"845","721","4:8",1286.5,1438
"846","721","8:12",12688.25,4000.75
"847","A02","0:4",1514,2424.75
"848","A02","12:16",3949,2044
"849","A02","16:20",3461.25,4133.5
"850","A02","4:8",4332.5,542
"851","A02","8:12",6694.25,1180
"852","A03","0:4",1095.25,77.75
"853","A03","12:16",3170.5,89.5
"854","A03","16:20",2586.5,113.5
"855","A03","4:8",2943.25,36.25
"856","A03","8:12",4717,60
"857","A05","0:4",139.75,246.25
"858","A05","12:16",1912.25,835
"859","A05","16:20",1961.75,1387.25
"860","A05","20:0",617.5,996.5
"861","A05","4:8",654,127.5
"862","A05","8:12",4243,542.5
"863","A06","0:4",1532.75,5032
"864","A06","12:16",5167.5,3736.75
"865","A06","16:20",4456,8272.25
"866","A06","4:8",4272.25,715.5
"867","A06","8:12",8878.75,2081.5
"868","A07","0:4",452.5,1134.5
"869","A07","12:16",6535.75,2512.25
"870","A07","16:20",6734,6265.25
"871","A07","20:0",2499,3943
"872","A07","4:8",2615.75,522.25
"873","A07","8:12",9510.5,1763
"874","A09","0:4",1398.75,1817
"875","A09","12:16",10529.5,7310.25
"876","A09","16:20",19954,9103.25
"877","A09","20:0",7006.25,5301.75
"878","A09","4:8",2589.25,2510.75
"879","A09","8:12",12133.25,13527.75
"880","A10","0:4",873.5,1044.25
"881","A10","12:16",2138.75,787.25
"882","A10","16:20",1804.25,1192.75
"883","A10","4:8",2159.75,222.75
"884","A10","8:12",2948.5,538
"885","A11","0:4",547.75,1443
"886","A11","12:16",1390.25,1007.25
"887","A11","16:20",1082,1783.25
"888","A11","4:8",1089.25,278.5
"889","A11","8:12",1848.75,592.5
"890","A12","0:4",1493.75,4301
"891","A12","12:16",10006.25,7078.75
"892","A12","16:20",12181.75,16487
"893","A12","20:0",6018.75,11331.5
"894","A12","4:8",3906.5,1898.75
"895","A12","8:12",15884.25,6287.5
"896","A14","0:4",943.75,1317
"897","A14","12:16",2843.25,1553
"898","A14","16:20",2785.25,2517
"899","A14","4:8",1332,1051
"900","A14","8:12",3165,1703.25
"901","A15","0:4",2086,2871.75
"902","A15","12:16",12436,9887.75
"903","A15","16:20",18996,15572.25
"904","A15","20:0",9012.25,8323.5
"905","A15","4:8",3118.75,2583.75
"906","A15","8:12",15098.25,10022.25
"907","A16","0:4",1836.75,2384.5
"908","A16","12:16",3562.5,2646.5
"909","A16","16:20",3989,4134.5
"910","A16","4:8",1652,999
"911","A16","8:12",4425.75,2068
"912","A17","0:4",1482.75,2050.75
"913","A17","12:16",3530,2083.5
"914","A17","16:20",3938,3398
"915","A17","4:8",1789.75,852
"916","A17","8:12",5079,1664.25
"917","A18","0:4",962.25,1957.5
"918","A18","12:16",2253,1738.25
"919","A18","16:20",2446.25,2942.75
"920","A18","4:8",1280.25,494.25
"921","A18","8:12",3576.5,1136.75
"922","A19","0:4",432.5,588
"923","A19","12:16",4094.25,3410
"924","A19","16:20",7635.25,5302.75
"925","A19","20:0",2540,2835.75
"926","A19","4:8",406.75,599.5
"927","A19","8:12",6051.5,4274
"928","A20","0:4",466.5,298.75
"929","A20","12:16",4849.5,2792.75
"930","A20","16:20",8717.75,3352.5
"931","A20","20:0",3002.25,1812.25
"932","A20","4:8",398.25,339.75
"933","A20","8:12",6956.25,2947
"934","A21","0:4",2460,2048.75
"935","A21","12:16",10453.75,10505
"936","A21","16:20",15759.25,5989.75
"937","A21","4:8",1136.25,1730.5
"938","A21","8:12",5467.75,9516
"939","A22","0:4",1088.5,695.25
"940","A22","12:16",4689,4113.5
"941","A22","16:20",8338,5378.75
"942","A22","20:0",2862.75,2837.75
"943","A22","4:8",204,415.5
"944","A22","8:12",4383.5,4652.25
"945","A25","0:4",4523.25,1612.75
"946","A25","12:16",9528.25,6277.75
"947","A25","16:20",18848.5,10149.25
"948","A25","20:0",11408.25,6432
"949","A25","4:8",1094,1530
"950","A25","8:12",7583.25,9744.75
"951","A27","0:4",22749.25,10516
"952","A27","12:16",35203.75,35266.75
"953","A27","16:20",52362,67791
"954","A27","20:0",44741,41610
"955","A27","4:8",18993.75,6049.75
"956","A27","8:12",69051.5,27042.5
"957","A28","0:4",17399.75,11792
"958","A28","12:16",58769.5,46955
"959","A28","16:20",79416.75,94243
"960","A28","20:0",56395,57281
"961","A28","4:8",11999,8657.25
"962","A28","8:12",95266.75,51098.5
"963","A30","0:4",2220.5,1023.75
"964","A30","12:16",9600.25,7499.25
"965","A30","16:20",19976.5,10233.75
"966","A30","20:0",11420,5802.5
"967","A30","4:8",872.25,1598.5
"968","A30","8:12",9362,10756.75
"969","A31","0:4",7667.25,3800
"970","A31","12:16",10985.5,8396
"971","A31","16:20",17114,8725
"972","A31","4:8",1596.5,4644.5
"973","A31","8:12",5051,12928
"974","A32","0:4",23072.25,11919.75
"975","A32","12:16",16428.5,19249.75
"976","A32","16:20",28751.25,27976.25
"977","A32","4:8",3561.75,6549.5
"978","A32","8:12",13240.25,20593.25
"979","A33","0:4",786.5,123.75
"980","A33","12:16",4848.25,1735.5
"981","A33","16:20",13754.25,1598
"982","A33","20:0",5169,681
"983","A33","4:8",305,231.25
"984","A33","8:12",2805.25,2212
"985","A34","0:4",1524.5,621
"986","A34","12:16",6795.5,6214.5
"987","A34","16:20",20246,5842.75
"988","A34","20:0",7278.25,2316.75
"989","A34","4:8",416.25,1696.25
"990","A34","8:12",3580.5,12089.5
"991","A36","0:4",1635.25,765.5
"992","A36","12:16",14337,7910.5
"993","A36","16:20",37007.5,7936.25
"994","A36","20:0",10543.75,2624.5
"995","A36","4:8",1463,2947
"996","A36","8:12",10716.75,19149.5
"997","A40","0:4",755,703.25
"998","A40","12:16",3632.5,5079
"999","A40","16:20",6736.75,6257
"1000","A40","20:0",2415.75,3169.75
"1001","A40","4:8",365.25,774
"1002","A40","8:12",4255.5,4931.5
"1003","A41","0:4",1671.75,1230.75
"1004","A41","12:16",17448.5,9571.5
"1005","A41","16:20",35652.5,9930
"1006","A41","20:0",9908.5,4424.25
"1007","A41","4:8",1558,2420
"1008","A41","8:12",11502,20338.25
"1009","A42","0:4",544.25,505.5
"1010","A42","12:16",5122.5,4395.25
"1011","A42","16:20",8122.25,4816.5
"1012","A42","20:0",3221.5,2221.75
"1013","A42","4:8",388.75,664.25
"1014","A42","8:12",3559.25,5706.25
"1015","A43","0:4",1945.75,1015.25
"1016","A43","12:16",2693.75,1172.5
"1017","A43","16:20",3139.75,1836.5
"1018","A43","4:8",720.75,366.5
"1019","A43","8:12",2416.25,801.75
"1020","A44","0:4",398,734.75
"1021","A44","12:16",2751.25,1543
"1022","A44","16:20",3667.5,3258.25
"1023","A44","20:0",1449.25,2638.5
"1024","A44","4:8",568.25,338.5
"1025","A44","8:12",5426,2082
"1026","A45","0:4",1873.5,3368.25
"1027","A45","12:16",3216.5,2723.75
"1028","A45","16:20",3263.25,4566.75
"1029","A45","4:8",1616.25,1104.5
"1030","A45","8:12",4277,2291.75
"1031","A46","0:4",969.25,1989.5
"1032","A46","12:16",7952.5,4539.75
"1033","A46","16:20",8909,9075.75
"1034","A46","20:0",4857.25,6756.5
"1035","A46","4:8",2329,1102.75
"1036","A46","8:12",13188.25,4803.25
"1037","A47","0:4",422,1311
"1038","A47","12:16",2889,1602.5
"1039","A47","16:20",3211.25,3448.5
"1040","A47","20:0",1538,2761.25
"1041","A47","4:8",1138.5,531
"1042","A47","8:12",4784.25,1695.75
"1043","A48","0:4",3681.5,6013.75
"1044","A48","12:16",6757.25,4792.25
"1045","A48","16:20",6428.75,9785.75
"1046","A48","4:8",6492.75,1610.5
"1047","A48","8:12",10512.5,3044.25
"1048","A49","0:4",1334.5,1649.25
"1049","A49","12:16",2789.5,1367.5
"1050","A49","16:20",2308.5,2399
"1051","A49","4:8",2708.5,460.25
"1052","A49","8:12",3668,962
"1053","A50","0:4",1063.75,1612.75
"1054","A50","12:16",2395.5,1392
"1055","A50","16:20",1975.5,2564.75
"1056","A50","4:8",2786,463.25
"1057","A50","8:12",3276.25,793.5
"1058","A51","0:4",865.75,1364.25
"1059","A51","12:16",3722.75,3029.5
"1060","A51","16:20",5016.25,7018
"1061","A51","20:0",2487.75,3786
"1062","A51","4:8",2302.5,1124.25
"1063","A51","8:12",6537.5,3226.75
"1064","A52","0:4",484.25,582.5
"1065","A52","12:16",1352.75,715.75
"1066","A52","16:20",1145.5,882
"1067","A52","4:8",1235,349.75
"1068","A52","8:12",1511.25,683
"1069","A53","0:4",665.75,1431.25
"1070","A53","12:16",1356,1345
"1071","A53","16:20",1107.75,2421.5
"1072","A53","4:8",1858.5,340.5
"1073","A53","8:12",1958,721.5
"1074","A54","0:4",627.5,1097.75
"1075","A54","12:16",1438.25,870
"1076","A54","16:20",1064.25,1481
"1077","A54","4:8",2149,306
"1078","A54","8:12",2059.75,543.25
"1079","A55","0:4",558.75,488.5
"1080","A55","12:16",4013.25,1012
"1081","A55","16:20",3804.5,1788.75
"1082","A55","20:0",1735.5,1069.5
"1083","A55","4:8",2651,272.75
"1084","A55","8:12",7586.25,1020.75
"1085","A57","0:4",283.75,1012
"1086","A57","12:16",2670.75,1790.5
"1087","A57","16:20",2319.25,4997
"1088","A57","20:0",1175.25,2794.25
"1089","A57","4:8",1991,369
"1090","A57","8:12",6174.25,1102.5
"1091","A59","0:4",616.5,1843.25
"1092","A59","12:16",2022.5,1289.25
"1093","A59","16:20",1203.75,3483.5
"1094","A59","4:8",3935,258.75
"1095","A59","8:12",3560.75,459.75
"1096","A60","0:4",71.5,21.5
"1097","A60","12:16",185.75,33
"1098","A60","16:20",120.75,51
"1099","A60","4:8",375,14.25
"1100","A60","8:12",294.5,33.75
"1101","A61","0:4",1686,1258.5
"1102","A61","12:16",3811.75,1393
"1103","A61","16:20",3227.5,2770.75
"1104","A61","4:8",6637.5,637.5
"1105","A61","8:12",5804,938.75
"1106","B04","0:4",403.5,1339
"1107","B04","12:16",4035.75,2551.25
"1108","B04","16:20",6059.75,4741.5
"1109","B04","20:0",1976.75,3204.75
"1110","B04","4:8",1356.25,1330.75
"1111","B04","8:12",6402,4074
"1112","B06","0:4",293.25,773.5
"1113","B06","12:16",3037,1795.5
"1114","B06","16:20",3358.75,4166.75
"1115","B06","20:0",1297,2958
"1116","B06","4:8",467,612.75
"1117","B06","8:12",4758.75,1733.25
"1118","B10","0:4",6726.25,1931.75
"1119","B10","12:16",8243.75,6511
"1120","B10","16:20",17752.25,4553.5
"1121","B10","4:8",601.25,4545.75
"1122","B10","8:12",2899.75,13389.5
"1123","B12","0:4",775.75,3440.25
"1124","B12","12:16",2393,2295.75
"1125","B12","16:20",2156.5,5161.25
"1126","B12","4:8",3222,668
"1127","B12","8:12",4736,1631.75
"1128","B13","0:4",716.5,1029
"1129","B13","12:16",1981.5,1227.5
"1130","B13","16:20",2360.25,1986.25
"1131","B13","4:8",1836,493.75
"1132","B13","8:12",2569.5,1276.75
"1133","B14","0:4",130,237
"1134","B14","12:16",1422.25,1171.75
"1135","B14","16:20",2253.25,2074.25
"1136","B14","20:0",761.5,1038.5
"1137","B14","4:8",479.5,263.5
"1138","B14","8:12",2059.25,2068.75
"1139","B15","0:4",98,116.5
"1140","B15","12:16",955,478
"1141","B15","16:20",1302,819
"1142","B15","20:0",467.75,420.75
"1143","B15","4:8",316.75,72
"1144","B15","8:12",1372,725
"1145","B17","0:4",109.5,413
"1146","B17","12:16",1776.75,622
"1147","B17","16:20",1475.75,2022.75
"1148","B17","20:0",657.75,1185.5
"1149","B17","4:8",1348.25,97.25
"1150","B17","8:12",5288.75,461.25
"1151","B18","0:4",113.75,317.75
"1152","B18","12:16",2930.75,682.5
"1153","B18","16:20",2242,1909.75
"1154","B18","20:0",763.25,1140.75
"1155","B18","4:8",1695,87.5
"1156","B18","8:12",6674.25,990.25
"1157","B19","0:4",196.25,255
"1158","B19","12:16",2307.75,628.75
"1159","B19","16:20",2429,1920.75
"1160","B19","20:0",1048,1085.25
"1161","B19","4:8",1673.75,112.75
"1162","B19","8:12",6161,483.5
"1163","B20","0:4",138.75,212.25
"1164","B20","12:16",1889.5,729.75
"1165","B20","16:20",1781.5,2026.75
"1166","B20","20:0",905.5,1027
"1167","B20","4:8",1476.25,81.25
"1168","B20","8:12",4879.75,449.25
"1169","B21","0:4",1110,2775
"1170","B21","12:16",3111,3153.25
"1171","B21","16:20",2723.75,6359.25
"1172","B21","4:8",4250.5,758
"1173","B21","8:12",5074.75,1988
"1174","B22","0:4",571.25,614
"1175","B22","12:16",1878.25,675.25
"1176","B22","16:20",1500,1248.25
"1177","B22","4:8",2914.5,153.5
"1178","B22","8:12",3368,341.75
"1179","B23","0:4",316,255
"1180","B23","12:16",1158.5,343
"1181","B23","16:20",891,462
"1182","B23","4:8",1703.5,259
"1183","B23","8:12",1773.75,655
"1184","D01","0:4",1526.75,3722.75
"1185","D01","12:16",3589,2519.5
"1186","D01","16:20",3092.25,5612
"1187","D01","4:8",5408.25,917.25
"1188","D01","8:12",5251.25,1558
"1189","D03","0:4",1107.5,2245.25
"1190","D03","12:16",3031.5,1768.5
"1191","D03","16:20",2336.5,4211.75
"1192","D03","4:8",4524.5,727.75
"1193","D03","8:12",4286.25,1227
"1194","D04","0:4",1306.75,3067
"1195","D04","12:16",3101.25,2099
"1196","D04","16:20",2500.75,4911.5
"1197","D04","4:8",4940.25,858.5
"1198","D04","8:12",4505.25,1455
"1199","D05","0:4",592.25,1126.5
"1200","D05","12:16",5203.5,2127.25
"1201","D05","16:20",6918.25,4903.5
"1202","D05","20:0",2922.75,2173.5
"1203","D05","4:8",2791,464.75
"1204","D05","8:12",7955.5,1724
"1205","D06","0:4",269,501
"1206","D06","12:16",2230.25,761.25
"1207","D06","16:20",2267,1583
"1208","D06","20:0",1086.5,1117.5
"1209","D06","4:8",1509.25,167.25
"1210","D06","8:12",3762,715.75
"1211","D07","0:4",1510.75,2718.25
"1212","D07","12:16",3702,2294.5
"1213","D07","16:20",3258.25,4664.25
"1214","D07","4:8",5426.5,952.5
"1215","D07","8:12",5782.75,1680.75
"1216","D08","0:4",270.5,305.75
"1217","D08","12:16",2515.5,795.25
"1218","D08","16:20",3102.5,1461.25
"1219","D08","20:0",988.5,757.75
"1220","D08","4:8",1198.75,157.5
"1221","D08","8:12",3620.5,865.5
"1222","D09","0:4",1209.25,1581
"1223","D09","12:16",3385.75,1544.5
"1224","D09","16:20",2649.75,2800.75
"1225","D09","4:8",3798,458.5
"1226","D09","8:12",4057.25,1259.5
"1227","D10","0:4",465.25,797.25
"1228","D10","12:16",4461.25,1491.25
"1229","D10","16:20",4618,3450.75
"1230","D10","20:0",2006.75,1955
"1231","D10","4:8",2747.25,370.5
"1232","D10","8:12",7751,1558
"1233","D12","0:4",1021.75,1041.25
"1234","D12","12:16",2069.5,1002.75
"1235","D12","16:20",1773.5,1478
"1236","D12","4:8",1776.75,369.75
"1237","D12","8:12",2527.75,754.75
"1238","D14","0:4",6035.5,3321
"1239","D14","12:16",7965,7855
"1240","D14","16:20",18434.75,7981
"1241","D14","4:8",1012.25,5771.75
"1242","D14","8:12",4399.25,17935
"1243","D15","0:4",7498.25,1570
"1244","D15","12:16",22436.75,28748.5
"1245","D15","16:20",85265.5,28841.5
"1246","D15","20:0",32084.5,9333.5
"1247","D15","4:8",1051.25,7426.25
"1248","D15","8:12",5528,78243.25
"1249","D16","0:4",5475.5,1800.75
"1250","D16","12:16",18350.25,23288.75
"1251","D16","16:20",58416.75,23526
"1252","D16","20:0",24952.25,8310.5
"1253","D16","4:8",1105.75,5229
"1254","D16","8:12",5900.75,50919.25
"1255","D17","0:4",10768.25,5433
"1256","D17","12:16",49443.25,53620.25
"1257","D17","16:20",111253.5,79902
"1258","D17","20:0",55392.5,30433.5
"1259","D17","4:8",5300.5,9164.25
"1260","D17","8:12",44203.5,74926
"1261","D18","0:4",1796.75,721
"1262","D18","12:16",9863.5,11182.75
"1263","D18","16:20",23143,13639.5
"1264","D18","20:0",11403,5229.5
"1265","D18","4:8",625,2031
"1266","D18","8:12",8809.75,17907
"1267","D22","0:4",1560.75,1305.5
"1268","D22","12:16",11915.75,10353.25
"1269","D22","16:20",22166.75,9643.75
"1270","D22","20:0",10435,4995.25
"1271","D22","4:8",1040.5,1500.5
"1272","D22","8:12",8634,13772
"1273","D25","0:4",2150.5,3417.75
"1274","D25","12:16",3768.25,3426.5
"1275","D25","16:20",4302.5,8310.25
"1276","D25","4:8",1993.25,951.75
"1277","D25","8:12",7888,2365
"1278","D26","0:4",576.5,1584
"1279","D26","12:16",4372.25,2935.25
"1280","D26","16:20",4421.5,7269
"1281","D26","20:0",2306.5,5110.25
"1282","D26","4:8",1535.5,668
"1283","D26","8:12",8277,2133.5
"1284","D27","0:4",1243,2577.75
"1285","D27","12:16",2213,1551.25
"1286","D27","16:20",2398,3651.5
"1287","D27","4:8",2395,482
"1288","D27","8:12",3728.25,1087
"1289","D28","0:4",694,2810.75
"1290","D28","12:16",7505.5,5775.25
"1291","D28","16:20",6997.5,15143.25
"1292","D28","20:0",3764.75,8714.5
"1293","D28","4:8",3848.75,818.5
"1294","D28","8:12",14937.5,4144.75
"1295","D29","0:4",125.5,598.75
"1296","D29","12:16",1157.25,711.5
"1297","D29","16:20",1062.5,2257
"1298","D29","20:0",566,1598.25
"1299","D29","4:8",684.25,172.25
"1300","D29","8:12",2726.75,467
"1301","D30","0:4",287.5,262.75
"1302","D30","12:16",2483.5,790.25
"1303","D30","16:20",2465,1465.25
"1304","D30","20:0",1211,809.5
"1305","D30","4:8",1307.25,121.75
"1306","D30","8:12",5697.75,552.25
"1307","D31","0:4",1507.5,4519
"1308","D31","12:16",4580,4265.75
"1309","D31","16:20",3766,8686.75
"1310","D31","4:8",4900.75,857.75
"1311","D31","8:12",7738.5,2230
"1312","D32","0:4",83,370.5
"1313","D32","12:16",1111,630
"1314","D32","16:20",1226.75,1663
"1315","D32","20:0",446.25,1096.25
"1316","D32","4:8",512.5,130.25
"1317","D32","8:12",2302.75,638.25
"1318","D33","0:4",273,442
"1319","D33","12:16",3042.5,1109.25
"1320","D33","16:20",3311,2191
"1321","D33","20:0",1147.25,1161.75
"1322","D33","4:8",949.75,260
"1323","D33","8:12",4548.75,1545
"1324","D34","0:4",174,136.75
"1325","D34","12:16",3479,820.75
"1326","D34","16:20",3268.5,1251.75
"1327","D34","20:0",951,621.5
"1328","D34","4:8",867.25,130.5
"1329","D34","8:12",4030.25,2094
"1330","D35","0:4",464,1690.25
"1331","D35","12:16",7800.25,6194.5
"1332","D35","16:20",9187.25,14875.5
"1333","D35","20:0",3352.75,7815.75
"1334","D35","4:8",3663.25,793.5
"1335","D35","8:12",16463,6016.5
"1336","D37","0:4",932.5,920.75
"1337","D37","12:16",2990.25,1265.75
"1338","D37","16:20",2777.75,2152.5
"1339","D37","4:8",3426.25,279.5
"1340","D37","8:12",5148.75,901.75
"1341","D38","0:4",103.25,113.75
"1342","D38","12:16",1391.75,288.25
"1343","D38","16:20",1351.25,1163.5
"1344","D38","20:0",587.25,636
"1345","D38","4:8",987,38
"1346","D38","8:12",4567.75,210.75
"1347","D39","0:4",1934,4127
"1348","D39","12:16",5368.25,5077.25
"1349","D39","16:20",5356.75,11477
"1350","D39","4:8",7271.75,1771.25
"1351","D39","8:12",9175.25,3937.75
"1352","D40","0:4",276,793
"1353","D40","12:16",5827,3407.75
"1354","D40","16:20",6087.5,6064
"1355","D40","20:0",2207.5,3232.75
"1356","D40","4:8",2128.75,413.75
"1357","D40","8:12",7908.25,3783
"1358","D41","0:4",106,194
"1359","D41","12:16",1437,704.5
"1360","D41","16:20",1512,1261.25
"1361","D41","20:0",485.5,723.5
"1362","D41","4:8",543.5,81.75
"1363","D41","8:12",2215.5,765.75
"1364","D42","0:4",64.25,114.25
"1365","D42","12:16",1193,944.75
"1366","D42","16:20",991.5,669.25
"1367","D42","20:0",251.5,282.5
"1368","D42","4:8",342.75,76.5
"1369","D42","8:12",1440.5,802.75
"1370","D43","0:4",2864,5272
"1371","D43","12:16",7014.5,6678.75
"1372","D43","16:20",5505.25,8561.5
"1373","D43","4:8",5675,2265.25
"1374","D43","8:12",6619.75,4410.25
"1375","E01","0:4",610.25,526.5
"1376","E01","12:16",6854.75,3594.25
"1377","E01","16:20",14820.5,4280.25
"1378","E01","20:0",4078.25,1868.75
"1379","E01","4:8",597.5,1101
"1380","E01","8:12",4616,4665.75
"1381","F01","0:4",555.25,1480.5
"1382","F01","12:16",7333,2607.75
"1383","F01","16:20",6903,8641
"1384","F01","20:0",2948.5,5258.5
"1385","F01","4:8",8814.25,723.25
"1386","F01","8:12",22230.5,2427
"1387","F02","0:4",267.75,989.5
"1388","F02","12:16",4188.25,2218.75
"1389","F02","16:20",4382,6168.25
"1390","F02","20:0",1722.25,3443.75
"1391","F02","4:8",2299.5,523.25
"1392","F02","8:12",6408.5,2159.75
"1393","F03","0:4",247.5,1193.75
"1394","F03","12:16",3007.25,1884
"1395","F03","16:20",3064.75,4657.25
"1396","F03","20:0",1096.5,2989.75
"1397","F03","4:8",1914.75,577.25
"1398","F03","8:12",4785.5,2451
"1399","F04","0:4",702.75,1242.25
"1400","F04","12:16",2336.75,1165.25
"1401","F04","16:20",1772,2180
"1402","F04","4:8",2610.5,282.75
"1403","F04","8:12",2921.5,858
"1404","F05","0:4",121.25,323.5
"1405","F05","12:16",2107.75,585.25
"1406","F05","16:20",1743,1964.5
"1407","F05","20:0",639,1290.25
"1408","F05","4:8",1188.5,151.5
"1409","F05","8:12",4569,615
"1410","F06","0:4",1914.25,4895.25
"1411","F06","12:16",12437.25,7338.25
"1412","F06","16:20",12428,16104.25
"1413","F06","20:0",6779.25,20891
"1414","F06","4:8",1871.25,1523.25
"1415","F06","8:12",22725.5,7717.75
"1416","F07","0:4",104.25,47
"1417","F07","12:16",1447.75,243.75
"1418","F07","16:20",1576.25,294
"1419","F07","20:0",759,191
"1420","F07","4:8",545.5,46.75
"1421","F07","8:12",3810,231.25
"1422","F11","0:4",3543.75,1672.25
"1423","F11","12:16",16219.25,15642.75
"1424","F11","16:20",50264.75,17796.25
"1425","F11","20:0",17694.25,7530
"1426","F11","4:8",993.75,5586.25
"1427","F11","8:12",10391.75,52157
"1428","F12","0:4",3439.25,952
"1429","F12","12:16",4922,24130.25
"1430","F12","16:20",20513.75,12672.5
"1431","F12","20:0",31766,6437.25
"1432","F12","4:8",254.5,284.75
"1433","F12","8:12",761,22454.75
"1434","F14","0:4",3397,1879.25
"1435","F14","12:16",6817,6922
"1436","F14","16:20",11531.5,13100
"1437","F14","20:0",8670.5,9803.25
"1438","F14","4:8",1212.5,1295
"1439","F14","8:12",8871,7404.75
"1440","F15","0:4",6866.5,5283.5
"1441","F15","12:16",7420.5,5640.5
"1442","F15","16:20",9533.75,9810
"1443","F15","4:8",2094.75,1917.25
"1444","F15","8:12",6490.5,5357
"1445","F16","0:4",1093.25,1093
"1446","F16","12:16",6886.75,3473
"1447","F16","16:20",10368.25,4966.5
"1448","F16","20:0",4194.5,3819.5
"1449","F16","4:8",1642.75,675.25
"1450","F16","8:12",8637.5,4091.25
"1451","F18","0:4",2199.25,1835.75
"1452","F18","12:16",3883.75,3051.75
"1453","F18","16:20",7678.5,3256.5
"1454","F18","4:8",1110.75,1473.25
"1455","F18","8:12",3601.5,5374.25
"1456","F20","0:4",3248.75,2504.5
"1457","F20","12:16",5225.25,3276.75
"1458","F20","16:20",6610.25,5755.25
"1459","F20","4:8",2343.5,985.25
"1460","F20","8:12",7699.25,2812
"1461","F21","0:4",734.75,528.5
"1462","F21","12:16",4078.75,1861.75
"1463","F21","16:20",6723,3591.5
"1464","F21","20:0",2867.25,2552.25
"1465","F21","4:8",699.5,427.75
"1466","F21","8:12",9738.5,2501
"1467","F22","0:4",311.75,518
"1468","F22","12:16",2039,2071
"1469","F22","16:20",3311,3237.5
"1470","F22","20:0",1376.75,1870.25
"1471","F22","4:8",599.75,983.75
"1472","F22","8:12",2946.25,3449.25
"1473","F23","0:4",285.5,585.5
"1474","F23","12:16",1574.75,1587
"1475","F23","16:20",2804.75,3604.5
"1476","F23","20:0",1195,2257.25
"1477","F23","4:8",294.5,453.25
"1478","F23","8:12",2230.5,2221.5
"1479","F24","0:4",2580.75,1292
"1480","F24","12:16",5580.75,1259
"1481","F24","16:20",6191.75,2161
"1482","F24","4:8",2607.5,271.75
"1483","F24","8:12",8682.5,710
"1484","F25","0:4",253,331
"1485","F25","12:16",2461.5,1190.25
"1486","F25","16:20",2842.5,2547.5
"1487","F25","20:0",1191.25,1482.25
"1488","F25","4:8",1149.5,162.5
"1489","F25","8:12",5875.75,644.25
"1490","F26","0:4",698.75,744.25
"1491","F26","12:16",2247.75,717.25
"1492","F26","16:20",2096.75,1702.75
"1493","F26","4:8",2313.25,187.25
"1494","F26","8:12",4789.25,366
"1495","F27","0:4",369.25,1365
"1496","F27","12:16",4165.75,2405
"1497","F27","16:20",4451.5,5620.75
"1498","F27","20:0",1872.75,3505
"1499","F27","4:8",1913.75,534.75
"1500","F27","8:12",9323.75,2189.75
"1501","F29","0:4",624.75,1439.25
"1502","F29","12:16",2026.5,1387.5
"1503","F29","16:20",1862.5,2498.5
"1504","F29","4:8",2309.75,412.25
"1505","F29","8:12",3294.25,1184.75
"1506","F30","0:4",114,392.5
"1507","F30","12:16",1768.75,1182.5
"1508","F30","16:20",2294.5,2486.75
"1509","F30","20:0",753.5,1340.75
"1510","F30","4:8",832.75,184
"1511","F30","8:12",3362,1671.75
"1512","F31","0:4",316.5,390
"1513","F31","12:16",910.75,652.5
"1514","F31","16:20",982,1155
"1515","F31","4:8",430.25,410.5
"1516","F31","8:12",824.5,798.75
"1517","F32","0:4",213.75,138
"1518","F32","12:16",648.25,252.25
"1519","F32","16:20",602.5,336.25
"1520","F32","4:8",778.5,200.75
"1521","F32","8:12",920.25,291.5
"1522","F33","0:4",476.25,1010.25
"1523","F33","12:16",1483.75,975.5
"1524","F33","16:20",1347.25,1948.75
"1525","F33","4:8",1754.5,390
"1526","F33","8:12",2695.25,1115
"1527","F34","0:4",76.5,183.25
"1528","F34","12:16",948.5,507.75
"1529","F34","16:20",1123.5,1242.5
"1530","F34","20:0",457.25,809.75
"1531","F34","4:8",663.25,106.75
"1532","F34","8:12",2847.25,762.75
"1533","F35","0:4",551.25,1214.75
"1534","F35","12:16",1624.25,1554.25
"1535","F35","16:20",1637.5,3066
"1536","F35","4:8",1905,660
"1537","F35","8:12",2503.75,1579.75
"1538","F36","0:4",338.25,319.25
"1539","F36","12:16",843,422
"1540","F36","16:20",1060,638.25
"1541","F36","4:8",1278.75,173.25
"1542","F36","8:12",1382.75,454.75
"1543","F38","0:4",116.75,195.5
"1544","F38","12:16",1140.25,575
"1545","F38","16:20",1315.25,1382.25
"1546","F38","20:0",522.25,878.75
"1547","F38","4:8",865.25,166
"1548","F38","8:12",2335,752.5
"1549","F39","0:4",210.25,139.75
"1550","F39","12:16",883.75,226
"1551","F39","16:20",624,425.25
"1552","F39","4:8",835.25,165.75
"1553","F39","8:12",943.5,210.5
"1554","G05","0:4",3249.75,9252.5
"1555","G05","12:16",21496.75,16247.75
"1556","G05","16:20",23248,31022.25
"1557","G05","20:0",8117.75,14608
"1558","G05","4:8",15152.75,4337.5
"1559","G05","8:12",34626.5,15834.25
"1560","G06","0:4",2170,2707.25
"1561","G06","12:16",10363.5,7628.5
"1562","G06","16:20",12449.5,15161.5
"1563","G06","20:0",6954.5,8459.75
"1564","G06","4:8",6875.5,2711.25
"1565","G06","8:12",16201.25,7845.5
"1566","G07","0:4",893.75,2036.5
"1567","G07","12:16",2355,2357.75
"1568","G07","16:20",2489.75,4224
"1569","G07","4:8",2634.75,1080.5
"1570","G07","8:12",2920,1728.75
"1571","G08","0:4",5139.25,4147.25
"1572","G08","12:16",11857.5,5703
"1573","G08","16:20",12312.5,11211.25
"1574","G08","4:8",11182.5,1412.75
"1575","G08","8:12",20109.5,3539
"1576","G09","0:4",281.25,555.5
"1577","G09","12:16",3592,1369
"1578","G09","16:20",3710,4126.5
"1579","G09","20:0",1349.75,2435
"1580","G09","4:8",1525.25,306
"1581","G09","8:12",9979.5,1719.5
"1582","G10","0:4",448,694
"1583","G10","12:16",7291,3536.75
"1584","G10","16:20",8935.5,5982.75
"1585","G10","20:0",3930.75,3027.25
"1586","G10","4:8",2497.25,514.5
"1587","G10","8:12",13919.75,2927.5
"1588","G11","0:4",4940,4401.5
"1589","G11","12:16",10844.25,9403.25
"1590","G11","16:20",13086.75,11895.5
"1591","G11","4:8",9496,1376.75
"1592","G11","8:12",12758,4839.75
"1593","G12","0:4",541.5,1021.5
"1594","G12","12:16",7857,2369.25
"1595","G12","16:20",7982,5070.75
"1596","G12","20:0",3399.75,3359
"1597","G12","4:8",4587.75,296.5
"1598","G12","8:12",17167.5,1214.5
"1599","G13","0:4",291.5,683.75
"1600","G13","12:16",6511,1366.75
"1601","G13","16:20",5701.5,2635.5
"1602","G13","20:0",2261.25,1935.25
"1603","G13","4:8",3382.25,180.25
"1604","G13","8:12",12582,687
"1605","G15","0:4",486.75,1480.25
"1606","G15","12:16",1718.75,1289
"1607","G15","16:20",1510.5,2535.5
"1608","G15","4:8",1903.25,391
"1609","G15","8:12",2742.25,610
"1610","G16","0:4",987.5,2179.75
"1611","G16","12:16",3183.75,2610.25
"1612","G16","16:20",3478.5,5137
"1613","G16","4:8",3582.5,1352.25
"1614","G16","8:12",5219.25,1759.25
"1615","G18","0:4",1583,3584.25
"1616","G18","12:16",4471.25,3207.25
"1617","G18","16:20",3737.5,6540
"1618","G18","4:8",3579.75,1418
"1619","G18","8:12",7149.75,2232.75
"1620","G19","0:4",1060.75,1264.75
"1621","G19","12:16",6401.25,4570
"1622","G19","16:20",8987.25,8727.5
"1623","G19","20:0",5055.25,5650.5
"1624","G19","4:8",1529,654.25
"1625","G19","8:12",9944.5,3900.75
"1626","G20","0:4",688.25,616.5
"1627","G20","12:16",2793.5,1660.25
"1628","G20","16:20",4448.75,1018.25
"1629","G20","4:8",564.5,1279.75
"1630","G20","8:12",1851.25,3164.25
"1631","G21","0:4",1666.75,2068
"1632","G21","12:16",6212.25,3404.5
"1633","G21","16:20",7570.75,3257.75
"1634","G21","4:8",1260,3691.25
"1635","G21","8:12",3698.5,6899.5
"1636","G24","0:4",597,536.5
"1637","G24","12:16",655.25,578
"1638","G24","16:20",1255,646.75
"1639","G24","4:8",250.5,819.5
"1640","G24","8:12",425.75,1051.5
"1641","G26","0:4",606.5,611
"1642","G26","12:16",3455.25,2346
"1643","G26","16:20",5301.75,4624.25
"1644","G26","20:0",2455.75,2883.5
"1645","G26","4:8",947.25,572.25
"1646","G26","8:12",6659,2752.5
"1647","G28","0:4",708.75,436
"1648","G28","12:16",2858.25,1484
"1649","G28","16:20",5173.25,3859.5
"1650","G28","20:0",2338.25,2322
"1651","G28","4:8",1085.75,383.25
"1652","G28","8:12",7045,1640.5
"1653","G29","0:4",4329.25,3416.25
"1654","G29","12:16",3803,2045.75
"1655","G29","16:20",4500.25,4196.25
"1656","G29","4:8",1704.5,718.5
"1657","G29","8:12",5005.25,1320
"1658","G30","0:4",910,1288
"1659","G30","12:16",1821,1356
"1660","G30","16:20",2097.5,2135.25
"1661","G30","4:8",1261.25,714.5
"1662","G30","8:12",2086,1169.5
"1663","G31","0:4",502.75,884.5
"1664","G31","12:16",1388.25,1120.25
"1665","G31","16:20",1817.75,1560
"1666","G31","4:8",845.75,818.75
"1667","G31","8:12",1442.25,1629.75
"1668","G32","0:4",1108.25,2007.5
"1669","G32","12:16",2523.75,1058.25
"1670","G32","16:20",2348.5,2503.25
"1671","G32","4:8",2168.25,460
"1672","G32","8:12",4140.25,673.25
"1673","G33","0:4",441.5,974
"1674","G33","12:16",3567.75,1392.75
"1675","G33","16:20",3698.25,3524.25
"1676","G33","20:0",1858.75,2860.5
"1677","G33","4:8",1172,372.75
"1678","G33","8:12",7221.25,1189
"1679","G34","0:4",312.75,746
"1680","G34","12:16",1843.5,1123.25
"1681","G34","16:20",2463,3701.25
"1682","G34","20:0",1228.5,2772.25
"1683","G34","4:8",527,261.5
"1684","G34","8:12",4218.25,1450.75
"1685","G35","0:4",1151.5,462
"1686","G35","12:16",2172,296.75
"1687","G35","16:20",2562.25,656.25
"1688","G35","4:8",1087.5,98
"1689","G35","8:12",3479.5,219.25
"1690","G36","0:4",499,336.5
"1691","G36","12:16",1931.25,1821.5
"1692","G36","16:20",3968.75,3160.5
"1693","G36","20:0",2264.75,1736
"1694","G36","4:8",331.25,296.75
"1695","G36","8:12",1657.5,2422.5
"1696","H01","0:4",349.5,30.25
"1697","H01","12:16",599,125.5
"1698","H01","16:20",1408.75,118.75
"1699","H01","20:0",818.25,64.25
"1700","H01","4:8",321.75,11.5
"1701","H01","8:12",120,59.25
"1702","H02","0:4",335.75,712.5
"1703","H02","12:16",327.25,1273.25
"1704","H02","16:20",381.5,1602
"1705","H02","4:8",926.5,174.25
"1706","H02","8:12",491.5,709.25
"1707","H03","0:4",1924,2083.75
"1708","H03","12:16",2966.75,2138.25
"1709","H03","16:20",2832,2498.5
"1710","H03","4:8",1808,828.5
"1711","H03","8:12",2188.75,1326
"1712","H04","0:4",34.25,27.5
"1713","H04","12:16",94,44
"1714","H04","16:20",64.25,42.75
"1715","H04","4:8",293.75,14
"1716","H04","8:12",135.25,49.75
"1717","H06","0:4",118.75,469
"1718","H06","12:16",942.75,696.5
"1719","H06","16:20",853,1878
"1720","H06","20:0",431.5,1304.75
"1721","H06","4:8",886,303.5
"1722","H06","8:12",1775.25,530
"1723","H07","0:4",135.75,524.5
"1724","H07","12:16",1065.5,802
"1725","H07","16:20",906,1967
"1726","H07","20:0",487.25,1321.75
"1727","H07","4:8",1108.25,222.75
"1728","H07","8:12",1821,613.5
"1729","H08","0:4",39.5,123
"1730","H08","12:16",242,187.75
"1731","H08","16:20",278.5,494
"1732","H08","20:0",115.5,348
"1733","H08","4:8",213.75,72.75
"1734","H08","8:12",444.25,176
"1735","H09","0:4",44.5,181.5
"1736","H09","12:16",346.25,246.25
"1737","H09","16:20",322.75,773.25
"1738","H09","20:0",187,504
"1739","H09","4:8",482.75,75.75
"1740","H09","8:12",600.5,206.25
"1741","H10","0:4",79.75,352.25
"1742","H10","12:16",701.75,388
"1743","H10","16:20",505.25,1307.75
"1744","H10","20:0",250.25,934.25
"1745","H10","4:8",587.75,129.5
"1746","H10","8:12",1505,641.5
"1747","H11","0:4",263.75,726.5
"1748","H11","12:16",1976,1632
"1749","H11","16:20",2651.75,3603.75
"1750","H11","20:0",1105.75,2231.75
"1751","H11","4:8",1837.75,702.75
"1752","H11","8:12",2922.5,2217.5
"1753","H12","0:4",121.5,378
"1754","H12","12:16",282,265.75
"1755","H12","16:20",214.25,645.25
"1756","H12","4:8",644.75,98.5
"1757","H12","8:12",331.75,170.75
"1758","H13","0:4",72.25,232.5
"1759","H13","12:16",343,145.25
"1760","H13","16:20",126.75,410
"1761","H13","4:8",377,177.5
"1762","H13","8:12",183.75,140.5
"1763","H14","0:4",25.5,104.5
"1764","H14","12:16",172.5,74.75
"1765","H14","16:20",46.5,260.5
"1766","H14","4:8",234,91.5
"1767","H14","8:12",66.75,87.25
"1768","H15","0:4",126.5,306.5
"1769","H15","12:16",350.75,368.5
"1770","H15","16:20",240.5,658
"1771","H15","4:8",504.5,197.5
"1772","H15","8:12",275,269.25
"1773","J12","0:4",171.5,165.75
"1774","J12","12:16",876.25,521.75
"1775","J12","16:20",1290,1212.75
"1776","J12","20:0",560.25,589.25
"1777","J12","4:8",669.75,167.75
"1778","J12","8:12",1626.25,538.25
"1779","J13","0:4",106.75,188.5
"1780","J13","12:16",1130.25,551
"1781","J13","16:20",1321.75,1312
"1782","J13","20:0",420.75,682.25
"1783","J13","4:8",772.75,110.25
"1784","J13","8:12",1874.5,586
"1785","J14","0:4",96,224.5
"1786","J14","12:16",844.5,484.5
"1787","J14","16:20",803.75,1294.5
"1788","J14","20:0",363.25,800.25
"1789","J14","4:8",921,99.5
"1790","J14","8:12",1872,382
"1791","J15","0:4",249.25,322.5
"1792","J15","12:16",1753.5,990.25
"1793","J15","16:20",1998,2176.25
"1794","J15","20:0",994.5,1018.25
"1795","J15","4:8",1363.25,265
"1796","J15","8:12",3771.75,896.75
"1797","J16","0:4",107.5,343.25
"1798","J16","12:16",1509,776
"1799","J16","16:20",1227.75,1963.5
"1800","J16","20:0",604.75,1132.5
"1801","J16","4:8",1790.5,121.5
"1802","J16","8:12",3295.5,446
"1803","J17","0:4",133.75,373
"1804","J17","12:16",1478.25,756.5
"1805","J17","16:20",1408,2084.25
"1806","J17","20:0",562.75,1202.75
"1807","J17","4:8",1491.75,137.25
"1808","J17","8:12",2967,685.75
"1809","J19","0:4",59,125
"1810","J19","12:16",590.5,299.25
"1811","J19","16:20",542.25,688.25
"1812","J19","20:0",208,410.5
"1813","J19","4:8",503.75,97.5
"1814","J19","8:12",1167.5,251.5
"1815","J20","0:4",789.5,2298
"1816","J20","12:16",2083.5,2410.25
"1817","J20","16:20",1635.25,4775
"1818","J20","4:8",3363,565
"1819","J20","8:12",3163.25,1291.75
"1820","J21","0:4",672.75,1586.75
"1821","J21","12:16",1490.75,1655.25
"1822","J21","16:20",1255,3038.75
"1823","J21","4:8",2265.75,554.25
"1824","J21","8:12",2009,891.5
"1825","J22","0:4",590.5,1491.75
"1826","J22","12:16",1411.25,1606.5
"1827","J22","16:20",1142.25,2949
"1828","J22","4:8",2237.5,359.25
"1829","J22","8:12",2119,764
"1830","J23","0:4",523,1341.25
"1831","J23","12:16",1205,1409.25
"1832","J23","16:20",1019.5,2524.75
"1833","J23","4:8",1761.25,318
"1834","J23","8:12",1854.25,683.25
"1835","J24","0:4",704.75,781
"1836","J24","12:16",1152.5,1066.5
"1837","J24","16:20",1399.25,1356.5
"1838","J24","4:8",969,894.5
"1839","J24","8:12",1134.25,1092
"1840","J28","0:4",719,735.25
"1841","J28","12:16",1463.75,621.25
"1842","J28","16:20",1297.75,1174.25
"1843","J28","4:8",1342.5,137
"1844","J28","8:12",2112.5,433.75
"1845","J29","0:4",1454.25,1652
"1846","J29","12:16",2854.5,1032
"1847","J29","16:20",2478.5,2372.75
"1848","J29","4:8",2891,296.75
"1849","J29","8:12",4418.25,524.75
"1850","J30","0:4",1392.25,1488
"1851","J30","12:16",3213.25,1120.75
"1852","J30","16:20",2819.25,2388.5
"1853","J30","4:8",2220.75,343.75
"1854","J30","8:12",4472,772.75
"1855","J31","0:4",1165.75,1449.25
"1856","J31","12:16",2106.25,788.5
"1857","J31","16:20",2249.5,1696
"1858","J31","4:8",1956.25,333.25
"1859","J31","8:12",3265.25,698.5
"1860","L01","0:4",11449.75,5264
"1861","L01","12:16",12245.25,9657.5
"1862","L01","16:20",19649,10316.75
"1863","L01","4:8",2115.75,3223.75
"1864","L01","8:12",7014.25,9389.75
"1865","L02","0:4",581.75,237.25
"1866","L02","12:16",2216.5,1228.75
"1867","L02","16:20",4891.5,1375.5
"1868","L02","20:0",3125.5,636.5
"1869","L02","4:8",356.25,303
"1870","L02","8:12",1863.75,1697
"1871","L05","0:4",1731.5,861
"1872","L05","12:16",2689.25,3217.75
"1873","L05","16:20",5974.75,4593.5
"1874","L05","20:0",4794,3382
"1875","L05","4:8",421,712.25
"1876","L05","8:12",1466.75,4429.25
"1877","L06","0:4",3932.25,3273.25
"1878","L06","12:16",9747,9824.25
"1879","L06","16:20",16737,17085
"1880","L06","20:0",11135.75,13343.75
"1881","L06","4:8",1623.5,3038.25
"1882","L06","8:12",12051.5,13023.75
"1883","L08","0:4",4665,3754.25
"1884","L08","12:16",11011,9498.25
"1885","L08","16:20",14725.75,20732.25
"1886","L08","20:0",9670.75,17390.25
"1887","L08","4:8",2314.75,1851.25
"1888","L08","8:12",17033.25,6943.5
"1889","L10","0:4",1764.25,1083.5
"1890","L10","12:16",2410.25,727.75
"1891","L10","16:20",2487.25,1476
"1892","L10","4:8",1368,280
"1893","L10","8:12",4934.75,500.5
"1894","L11","0:4",767,1089
"1895","L11","12:16",4270.5,2231.5
"1896","L11","16:20",5086.25,4705.25
"1897","L11","20:0",2752.75,4285.25
"1898","L11","4:8",989.75,618.75
"1899","L11","8:12",9212,2283.75
"1900","L12","0:4",537.25,879
"1901","L12","12:16",3521.25,2131
"1902","L12","16:20",5183,4319.25
"1903","L12","20:0",1833.75,2903.25
"1904","L12","4:8",917.5,1194.5
"1905","L12","8:12",4443.75,4592.5
"1906","L13","0:4",718.75,944
"1907","L13","12:16",3150.5,1549.25
"1908","L13","16:20",4029.25,2719.25
"1909","L13","20:0",2317,2786.5
"1910","L13","4:8",908,575.5
"1911","L13","8:12",5086.5,1546.75
"1912","L14","0:4",818.25,624.75
"1913","L14","12:16",3339.25,1004.25
"1914","L14","16:20",4437.5,1496.75
"1915","L14","20:0",2571,1614
"1916","L14","4:8",987.75,558.75
"1917","L14","8:12",4594,1183
"1918","L15","0:4",749.75,352.75
"1919","L15","12:16",2975.25,686.5
"1920","L15","16:20",4138.25,1361.75
"1921","L15","20:0",2149,1124.25
"1922","L15","4:8",1285.5,203.75
"1923","L15","8:12",5285.25,711
"1924","L16","0:4",632.75,664.75
"1925","L16","12:16",5035.5,1587
"1926","L16","16:20",5228.75,3161.75
"1927","L16","20:0",2828.5,2059.5
"1928","L16","4:8",2883.5,368
"1929","L16","8:12",10419.75,1191.5
"1930","L19","0:4",425.75,1130.25
"1931","L19","12:16",3019.5,1301.75
"1932","L19","16:20",3242.5,3865.5
"1933","L19","20:0",1707.75,2681.75
"1934","L19","4:8",2130.25,449.5
"1935","L19","8:12",7066,966
"1936","L20","0:4",312.25,1010.25
"1937","L20","12:16",2069.75,1275.75
"1938","L20","16:20",1989,3123
"1939","L20","20:0",1041.25,2371.75
"1940","L20","4:8",1045.25,373.25
"1941","L20","8:12",3676.25,1044
"1942","L21","0:4",126.25,343.75
"1943","L21","12:16",869.5,452
"1944","L21","16:20",851,1088.5
"1945","L21","20:0",512.75,913.75
"1946","L21","4:8",392.5,132.75
"1947","L21","8:12",1463.25,319
"1948","L24","0:4",109.75,69.75
"1949","L24","12:16",674.5,214.25
"1950","L24","16:20",1079.5,371
"1951","L24","20:0",403,228.25
"1952","L24","4:8",415.5,120.75
"1953","L24","8:12",1394.5,383.75
"1954","L25","0:4",1187.5,1959
"1955","L25","12:16",2090.5,1549.75
"1956","L25","16:20",1995,2228.25
"1957","L25","4:8",2440.25,544
"1958","L25","8:12",2805,996.75
"1959","L26","0:4",795.5,909.75
"1960","L26","12:16",1362.5,1130
"1961","L26","16:20",1348,1719.75
"1962","L26","4:8",1691.75,593.25
"1963","L26","8:12",1782.75,1062.75
"1964","L27","0:4",1342.25,2136
"1965","L27","12:16",1974.25,2164.25
"1966","L27","16:20",2070.25,3790
"1967","L27","4:8",3107.75,965.75
"1968","L27","8:12",2766.75,1446.5
"1969","L29","0:4",2699.25,1550.5
"1970","L29","12:16",5751.5,1149
"1971","L29","16:20",5342.5,2588
"1972","L29","4:8",7567,351.5
"1973","L29","8:12",8579.25,1026.25
"1974","M01","0:4",99.75,223
"1975","M01","12:16",1508.5,1524.25
"1976","M01","16:20",2369.5,3283.5
"1977","M01","20:0",963.5,1284.75
"1978","M01","4:8",1139,407.75
"1979","M01","8:12",3105.75,1421.5
"1980","M04","0:4",656.5,2454.5
"1981","M04","12:16",2092.5,2392.5
"1982","M04","16:20",1532.75,5832
"1983","M04","4:8",4270.75,420.5
"1984","M04","8:12",3880.5,944.5
"1985","M05","0:4",444.25,1459
"1986","M05","12:16",1506.75,1256.25
"1987","M05","16:20",1076,2670
"1988","M05","4:8",3059,278.5
"1989","M05","8:12",2903.75,547.5
"1990","M06","0:4",330.75,1156.75
"1991","M06","12:16",1047.25,1187.5
"1992","M06","16:20",759.5,2548.75
"1993","M06","4:8",1621.25,165.25
"1994","M06","8:12",1889.25,487.5
"1995","M09","0:4",586.75,1369
"1996","M09","12:16",1899.5,1938.25
"1997","M09","16:20",1715,3247.25
"1998","M09","4:8",1544.25,548.75
"1999","M09","8:12",2627.75,1096.25
"2000","M10","0:4",537.5,1556.25
"2001","M10","12:16",1494.75,1187.5
"2002","M10","16:20",1183,2858.5
"2003","M10","4:8",1503.75,299.5
"2004","M10","8:12",2618.25,616.25
"2005","M11","0:4",2716.25,4571.25
"2006","M11","12:16",4933.75,2770.25
"2007","M11","16:20",4780.75,5640.75
"2008","M11","4:8",4026.75,818
"2009","M11","8:12",7944.75,1541.75
"2010","M12","0:4",2112.75,1149
"2011","M12","12:16",5757.5,1845.25
"2012","M12","16:20",6407.25,1821.25
"2013","M12","4:8",1748.5,797
"2014","M12","8:12",4664.75,2248.75
"2015","M13","0:4",920.75,1142.5
"2016","M13","12:16",2325.75,984
"2017","M13","16:20",2193.5,1752.5
"2018","M13","4:8",1445.5,431.75
"2019","M13","8:12",3088.25,895.5
"2020","M14","0:4",837.75,750.5
"2021","M14","12:16",1511.75,529.25
"2022","M14","16:20",1529.5,1151.5
"2023","M14","4:8",626.75,238.75
"2024","M14","8:12",1936.25,559.75
"2025","M16","0:4",3302.25,3290
"2026","M16","12:16",6127,3894.5
"2027","M16","16:20",7151.25,6847
"2028","M16","4:8",2413.5,2350
"2029","M16","8:12",8370,3656.75
"2030","M18","0:4",2856.5,2008
"2031","M18","12:16",4469.25,2666
"2032","M18","16:20",4992.75,3341.25
"2033","M18","4:8",2282.75,1702
"2034","M18","8:12",5818.25,3189.5
"2035","M19","0:4",772.25,242
"2036","M19","12:16",1253,1617.25
"2037","M19","16:20",2561.25,1827.25
"2038","M19","20:0",1636.25,847.75
"2039","M19","4:8",191,336.75
"2040","M19","8:12",815.5,1861.75
"2041","M21","0:4",676.25,445.5
"2042","M21","12:16",6784.25,5269.75
"2043","M21","16:20",10250.25,3630.75
"2044","M21","20:0",2057.5,1247.5
"2045","M21","4:8",298.25,747
"2046","M21","8:12",3403.75,7640
"2047","M23","0:4",1020.5,158
"2048","M23","12:16",3450.5,682.5
"2049","M23","16:20",8202.5,446.25
"2050","M23","4:8",256.75,742.5
"2051","M23","8:12",996,2614.75
"2052","N02","0:4",2244.5,4106.75
"2053","N02","12:16",6932.5,6685.5
"2054","N02","16:20",7159.75,8765
"2055","N02","4:8",3161.5,1255.5
"2056","N02","8:12",6876.75,6728.75
"2057","N03","0:4",789.5,1656.75
"2058","N03","12:16",2876.5,1370
"2059","N03","16:20",2417.75,3166
"2060","N03","4:8",3303.5,367.75
"2061","N03","8:12",5230.25,779
"2062","N04","0:4",676.25,1878.75
"2063","N04","12:16",2371,2002.5
"2064","N04","16:20",2746.5,3853
"2065","N04","4:8",2466.75,887.5
"2066","N04","8:12",3512.5,2233.25
"2067","N05","0:4",759.5,2068.5
"2068","N05","12:16",2532,2081
"2069","N05","16:20",2112,4775.75
"2070","N05","4:8",2894.75,408.25
"2071","N05","8:12",4323.5,1327
"2072","N06","0:4",369.5,1048.25
"2073","N06","12:16",2107.5,864
"2074","N06","16:20",1395.75,1793
"2075","N06","4:8",2297,477
"2076","N06","8:12",3181.5,886.25
"2077","N08","0:4",636.75,1591.5
"2078","N08","12:16",2046.5,1459
"2079","N08","16:20",1702.25,3476.25
"2080","N08","4:8",3179.75,386
"2081","N08","8:12",4330,1040.75
"2082","N09","0:4",515.25,1381
"2083","N09","12:16",1550,1288.75
"2084","N09","16:20",1463.5,2889.5
"2085","N09","4:8",2225,409.25
"2086","N09","8:12",3121,1037.75
"2087","N10","0:4",420.5,352.25
"2088","N10","12:16",1196,397
"2089","N10","16:20",957.5,682.25
"2090","N10","4:8",1372,143.75
"2091","N10","8:12",1852.75,350.75
"2092","R01","0:4",727,2674.75
"2093","R01","12:16",6792,4291.25
"2094","R01","16:20",6700.75,13542.75
"2095","R01","20:0",3027.75,8516.5
"2096","R01","4:8",2661.25,912.25
"2097","R01","8:12",16624.25,2672.5
"2098","R03","0:4",522.75,1835.75
"2099","R03","12:16",4852,2881.25
"2100","R03","16:20",4875.25,6995.5
"2101","R03","20:0",2164.75,5151.25
"2102","R03","4:8",1896.25,661.75
"2103","R03","8:12",11692.5,1593.25
"2104","R04","0:4",730.25,2420.5
"2105","R04","12:16",5792.25,3120.5
"2106","R04","16:20",6440.25,9843.75
"2107","R04","20:0",3121.5,6891.25
"2108","R04","4:8",2199.5,833.25
"2109","R04","8:12",13608,2869.75
"2110","R06","0:4",355.5,997.5
"2111","R06","12:16",3016.25,1543.5
"2112","R06","16:20",4170.75,4387.25
"2113","R06","20:0",1617,2789.25
"2114","R06","4:8",1041.75,519.5
"2115","R06","8:12",5636.75,2161
"2116","R08","0:4",214.25,428
"2117","R08","12:16",1660.5,857.5
"2118","R08","16:20",2712.75,1596.5
"2119","R08","20:0",761.5,1034
"2120","R08","4:8",203.75,328.5
"2121","R08","8:12",1872.25,1597.25
"2122","R11","0:4",1292.5,957.5
"2123","R11","12:16",4484,6077.75
"2124","R11","16:20",14699.5,7273
"2125","R11","20:0",5162.75,3296.5
"2126","R11","4:8",563,2705
"2127","R11","8:12",4555.25,14362
"2128","R13","0:4",3680.5,1121.75
"2129","R13","12:16",4581,11627.5
"2130","R13","16:20",15558.25,8913
"2131","R13","20:0",20510,4327.5
"2132","R13","4:8",497.5,938
"2133","R13","8:12",872.25,6918.25
"2134","R14","0:4",4190.5,1002.5
"2135","R14","12:16",11493.25,7490.75
"2136","R14","16:20",27738.5,8384.5
"2137","R14","20:0",12229.75,4056.75
"2138","R14","4:8",848.25,2265.75
"2139","R14","8:12",6995.75,15427.25
"2140","R15","0:4",3930.5,1206.75
"2141","R15","12:16",10050.75,10026.75
"2142","R15","16:20",24921.5,12915
"2143","R15","20:0",14217.25,6324
"2144","R15","4:8",762.25,2979
"2145","R15","8:12",5507.25,19454.75
"2146","R18","0:4",1060.5,640.5
"2147","R18","12:16",5572.75,6790.25
"2148","R18","16:20",11955.75,7796.75
"2149","R18","20:0",5094,3213.5
"2150","R18","4:8",271.5,1226
"2151","R18","8:12",3230.25,11014.75
"2152","R19","0:4",1575.25,373.5
"2153","R19","12:16",9451.75,5584.75
"2154","R19","16:20",22269.75,5975.75
"2155","R19","20:0",9537.25,2168.75
"2156","R19","4:8",440.5,1306
"2157","R19","8:12",5245.75,11076.25
"2158","R21","0:4",2280.75,887
"2159","R21","12:16",5989.5,5534.5
"2160","R21","16:20",13003,8740.75
"2161","R21","20:0",8273.5,4739.5
"2162","R21","4:8",591,622.25
"2163","R21","8:12",5526.75,5730.5
"2164","R22","0:4",1051.75,525.5
"2165","R22","12:16",7623,11251.25
"2166","R22","16:20",18441.5,12452
"2167","R22","20:0",8783.5,3403.75
"2168","R22","4:8",234.25,869
"2169","R22","8:12",2237.5,9068.5
"2170","R24","0:4",190.25,93.5
"2171","R24","12:16",2744.5,1776.5
"2172","R24","16:20",6048.75,1339.75
"2173","R24","20:0",1235.5,383
"2174","R24","4:8",74.5,439.5
"2175","R24","8:12",1109.5,2890.5
"2176","R25","0:4",1730.25,1095.75
"2177","R25","12:16",6510.75,4103.25
"2178","R25","16:20",9824,3625.75
"2179","R25","4:8",408.75,1289.75
"2180","R25","8:12",2900,5191.75
"2181","R26","0:4",272.75,122.25
"2182","R26","12:16",2977.75,973
"2183","R26","16:20",6340,1006.5
"2184","R26","20:0",1446,458.5
"2185","R26","4:8",156.75,303.25
"2186","R26","8:12",1974.5,2657.75
"2187","R27","0:4",7545.5,4064
"2188","R27","12:16",13015.25,15435.25
"2189","R27","16:20",28594.25,12690.25
"2190","R27","20:0",19623.25,5195.25
"2191","R27","4:8",4957.25,3979.5
"2192","R27","8:12",18436,27673.75
"2193","R30","0:4",916.75,729.75
"2194","R30","12:16",7280.5,3134.5
"2195","R30","16:20",12018.75,4630.25
"2196","R30","20:0",3749.5,2580
"2197","R30","4:8",1279.75,935
"2198","R30","8:12",9645.25,6245
"2199","R32","0:4",682.75,704.75
"2200","R32","12:16",2465.75,1940.25
"2201","R32","16:20",3641.25,4384.75
"2202","R32","20:0",2187.75,3224.5
"2203","R32","4:8",476.75,581.75
"2204","R32","8:12",5643,2205.5
"2205","R33","0:4",597.25,633.75
"2206","R33","12:16",3394.75,2586.75
"2207","R33","16:20",5450.25,4821
"2208","R33","20:0",2523.75,2936.75
"2209","R33","4:8",729.25,787.25
"2210","R33","8:12",6770.25,3199.5
"2211","R34","0:4",297.25,664.5
"2212","R34","12:16",2150.25,1482.25
"2213","R34","16:20",3227.25,3626.5
"2214","R34","20:0",1164,2598.75
"2215","R34","4:8",749.5,582.75
"2216","R34","8:12",4892.75,2153.5
"2217","R35","0:4",247.75,633.25
"2218","R35","12:16",1617,1082.75
"2219","R35","16:20",2317.75,2292.75
"2220","R35","20:0",994,1678.25
"2221","R35","4:8",550.75,462.75
"2222","R35","8:12",2921.5,1625.5
"2223","R36","0:4",2198.5,3446.25
"2224","R36","12:16",5799.25,3441
"2225","R36","16:20",8368,5333.25
"2226","R36","4:8",4141,1733.75
"2227","R36","8:12",6680,3777.75
"2228","R39","0:4",196.5,932.5
"2229","R39","12:16",2867,1646.5
"2230","R39","16:20",3746,3912
"2231","R39","20:0",1409.75,2262.5
"2232","R39","4:8",1736.5,375.25
"2233","R39","8:12",5973.5,1649.25
"2234","R40","0:4",330.5,785.25
"2235","R40","12:16",3160.5,1267.75
"2236","R40","16:20",4106.75,2578.5
"2237","R40","20:0",1511.5,1469.5
"2238","R40","4:8",1585.5,367.75
"2239","R40","8:12",5980.75,1347.25
"2240","R41","0:4",4554.75,3077.75
"2241","R41","12:16",26600.25,29165.5
"2242","R41","16:20",59056.5,33530
"2243","R41","20:0",23281.75,12043.25
"2244","R41","4:8",4501.75,6718.75
"2245","R41","8:12",21570.5,47233.5
"2246","R42","0:4",240.75,429.25
"2247","R42","12:16",3747,1203
"2248","R42","16:20",3637.25,3198.5
"2249","R42","20:0",1404,1945.25
"2250","R42","4:8",1999,195
"2251","R42","8:12",7253.75,966.75
"2252","R43","0:4",153.5,294
"2253","R43","12:16",2185.75,712.75
"2254","R43","16:20",2220,1901.5
"2255","R43","20:0",1008.75,1073
"2256","R43","4:8",1222.5,101.75
"2257","R43","8:12",5471.25,582.75
"2258","R44","0:4",401,602.25
"2259","R44","12:16",5020.75,2937
"2260","R44","16:20",6314.25,6282
"2261","R44","20:0",2972.25,2851.25
"2262","R44","4:8",2838.5,595.5
"2263","R44","8:12",8783.5,2301.25
"2264","R45","0:4",177.25,494
"2265","R45","12:16",2334.75,1279.5
"2266","R45","16:20",2425.75,3191.75
"2267","R45","20:0",1107.25,2005.25
"2268","R45","4:8",1415,235.5
"2269","R45","8:12",5827.25,1246
"2270","S03","0:4",418.75,901.75
"2271","S03","12:16",975.75,1022.25
"2272","S03","16:20",911.75,1629.25
"2273","S03","4:8",627,491.25
"2274","S03","8:12",1339.75,835.75
"2275","S04","0:4",307.5,768.25
"2276","S04","12:16",1273.5,832
"2277","S04","16:20",765,1192.75
"2278","S04","4:8",354,369
"2279","S04","8:12",652,1167.25
