,train,train_stop,station_id,station,time_travel,line_name,stop_lat,stop_lon
1,1,101,101,"Van Cortlandt Park - 242 St"101,0,1,40.889248,-73.898583
2,1,102,103,"238 St"103,90,1,40.884667,-73.90087
3,1,103,104,"231 St"104,90,1,40.878856,-73.904834
4,1,104,106,"Marble Hill - 225 St"106,90,1,40.874561,-73.909831
5,1,105,107,"215 St"107,90,1,40.869444,-73.915279
6,1,106,108,"207 St"108,60,1,40.864621,-73.918822
7,1,107,109,"Dyckman St"109,90,1,40.860531,-73.925536
8,1,108,110,"191 St"110,90,1,40.855225,-73.929412
9,1,109,111,"181 St"111,90,1,40.849505,-73.933596
10,1,1010,112,"168 St - Washington Hts"112,120,1AC,40.840556,-73.940133
11,1,1011,113,"157 St"113,90,1,40.834041,-73.94489
12,1,1012,114,"145 St"114,120,1,40.826551,-73.95036
13,1,1013,115,"137 St - City College"115,90,1,40.822008,-73.953676
14,1,1014,116,"125 St"116,90,1,40.815581,-73.958372
15,1,1015,117,"116 St - Columbia University"117,150,1,40.807722,-73.96411
16,1,1016,118,"Cathedral Pkwy"118,60,1,40.803967,-73.966847
17,1,1017,119,"103 St"119,60,1,40.799446,-73.968379
18,1,1018,120,"96 St"120,120,123,40.793919,-73.972323
19,1,1019,121,"86 St"121,120,1,40.788644,-73.976218
20,1,1020,122,"79 St"122,60,1,40.783934,-73.979917
21,1,1021,123,"72 St"123,90,123,40.778453,-73.98197
22,1,1022,124,"66 St - Lincoln Center"124,90,1,40.77344,-73.982209
23,1,1023,125,"59 St - Columbus Circle"125,90,1ABCD,40.768247,-73.981929
24,1,1024,126,"50 St"126,120,1,40.761728,-73.983849
25,1,1025,127,"Times Sq - 42 St"127,90,1237ACEGNQRS,40.75529,-73.987495
26,1,1026,128,"34 St - Penn Station"128,90,123,40.750373,-73.991057
27,1,1027,129,"28 St"129,90,1,40.747215,-73.993365
28,1,1028,130,"23 St"130,60,1,40.744081,-73.995657
29,1,1029,131,"18 St"131,60,1,40.74104,-73.997871
30,1,1030,132,"14 St"132,60,123FLM,40.737826,-74.000201
31,1,1031,133,"Christopher St - Sheridan Sq"133,90,1,40.733422,-74.002906
32,1,1032,134,"Houston St"134,90,1,40.728251,-74.005367
33,1,1033,135,"Canal St"135,90,1,40.722854,-74.006277
34,1,1034,136,"Franklin St"136,60,1,40.719318,-74.006886
35,1,1035,137,"Chambers St"137,210,123,40.715478,-74.009266
36,1,1037,139,"Rector St"139,150,1,40.707513,-74.013783
37,1,1038,140,"South Ferry Loop"140,210,1NR,40.701411,-74.013205
38,2,201,201,"Wakefield - 241 St"201,0,2,40.903125,-73.85062
39,2,202,204,"Nereid Av"204,90,25,40.898379,-73.854376
40,2,203,205,"233 St"205,90,25,40.893193,-73.857473
41,2,204,206,"225 St"206,90,25,40.888022,-73.860341
42,2,205,207,"219 St"207,60,25,40.883895,-73.862633
43,2,206,208,"Gun Hill Rd"208,90,25,40.87785,-73.866256
44,2,207,209,"Burke Av"209,90,25,40.871356,-73.867164
45,2,208,210,"Allerton Av"210,90,25,40.865462,-73.867352
46,2,209,211,"Pelham Pkwy"211,120,25,40.857192,-73.867615
47,2,2010,212,"Bronx Park East"212,120,25,40.848828,-73.868457
48,2,2011,213,"E 180 St"213,120,25,40.841894,-73.873488
49,2,2012,214,"West Farms Sq - E Tremont Av"214,90,2,40.840295,-73.880049
50,2,2013,215,"174 St"215,120,2,40.837288,-73.887734
51,2,2014,216,"Freeman St"216,120,2,40.829993,-73.891865
52,2,2015,217,"Simpson St"217,120,2,40.824073,-73.893064
53,2,2016,218,"Intervale Av"218,60,2,40.822181,-73.896736
54,2,2017,219,"Prospect Av"219,60,2,40.819585,-73.90177
55,2,2018,220,"Jackson Av"220,90,2,40.81649,-73.907807
56,2,2019,221,"3 Av - 149 St"221,150,25,40.816109,-73.917757
57,2,2020,222,"149 St - Grand Concourse"222,120,245,40.81841,-73.926718
58,2,2021,224,"135 St"224,210,23,40.814229,-73.94077
59,2,2022,225,"125 St"225,120,23,40.807754,-73.945495
60,2,2023,226,"116 St"226,90,23,40.802098,-73.949625
61,2,2024,227,"Central Park North (110 St)"227,60,23,40.799075,-73.951822
62,2,2025,120,"96 St"120,270,123,40.793919,-73.972323
63,2,2026,123,"72 St"123,180,123,40.778453,-73.98197
64,2,2027,127,"Times Sq - 42 St"127,270,1237ACEGNQRS,40.75529,-73.987495
65,2,2028,128,"34 St - Penn Station"128,60,123,40.750373,-73.991057
66,2,2029,132,"14 St"132,180,123FLM,40.737826,-74.000201
67,2,2030,137,"Chambers St"137,270,123,40.715478,-74.009266
68,2,2031,228,"Park Pl"228,90,23ACE,40.713051,-74.008811
69,2,2032,229,"Fulton St"229,120,2345ACJZ,40.709416,-74.006571
70,2,2033,230,"Wall St"230,90,23,40.706821,-74.0091
71,2,2034,231,"Clark St"231,270,23,40.697466,-73.993086
72,2,2035,232,"Borough Hall"232,90,2345NR,40.693219,-73.989998
73,2,2036,233,"Hoyt St"233,90,23,40.690545,-73.985065
74,2,2037,234,"Nevins St"234,60,2345,40.688246,-73.980492
75,2,2038,235,"Atlantic Av - Barclays Ctr"235,90,2345BDNQR,40.684359,-73.977666
76,2,2039,236,"Bergen St"236,60,234,40.680829,-73.975098
77,2,2040,237,"Grand Army Plaza"237,120,234,40.675235,-73.971046
78,2,2041,238,"Eastern Pkwy - Brooklyn Museum"238,120,234,40.671987,-73.964375
79,2,2042,239,"Franklin Av"239,90,2345FS,40.670682,-73.958131
80,2,2043,241,"President St"241,180,2,40.667883,-73.950683
81,2,2044,242,"Sterling St"242,90,25,40.662742,-73.95085
82,2,2045,243,"Winthrop St"243,90,25,40.656652,-73.9502
83,2,2046,244,"Church Av"244,330,25,40.650843,-73.949575
84,2,2047,245,"Beverly Rd"245,330,25,40.645098,-73.948959
85,2,2048,246,"Newkirk Av"246,90,25,40.639967,-73.948411
86,2,2049,247,"Flatbush Av - Brooklyn College"247,150,25,40.632836,-73.947642
87,3,301,301,"Harlem - 148 St"301,0,3,40.82388,-73.93647
88,3,302,302,"145 St"302,120,3,40.820421,-73.936245
89,3,303,224,"135 St"224,120,23,40.814229,-73.94077
90,3,304,225,"125 St"225,120,23,40.807754,-73.945495
91,3,305,226,"116 St"226,90,23,40.802098,-73.949625
92,3,306,227,"Central Park North (110 St)"227,60,23,40.799075,-73.951822
93,3,307,120,"96 St"120,270,123,40.793919,-73.972323
94,3,308,123,"72 St"123,180,123,40.778453,-73.98197
95,3,309,127,"Times Sq - 42 St"127,270,1237ACEGNQRS,40.75529,-73.987495
96,3,3010,128,"34 St - Penn Station"128,60,123,40.750373,-73.991057
97,3,3011,132,"14 St"132,180,123FLM,40.737826,-74.000201
98,3,3012,137,"Chambers St"137,270,123,40.715478,-74.009266
99,3,3013,228,"Park Pl"228,90,23ACE,40.713051,-74.008811
100,3,3014,229,"Fulton St"229,120,2345ACJZ,40.709416,-74.006571
101,3,3015,230,"Wall St"230,90,23,40.706821,-74.0091
102,3,3016,231,"Clark St"231,270,23,40.697466,-73.993086
103,3,3017,232,"Borough Hall"232,90,2345NR,40.693219,-73.989998
104,3,3018,233,"Hoyt St"233,90,23,40.690545,-73.985065
105,3,3019,234,"Nevins St"234,60,2345,40.688246,-73.980492
106,3,3020,235,"Atlantic Av - Barclays Ctr"235,90,2345BDNQR,40.684359,-73.977666
107,3,3021,236,"Bergen St"236,60,234,40.680829,-73.975098
108,3,3022,237,"Grand Army Plaza"237,120,234,40.675235,-73.971046
109,3,3023,238,"Eastern Pkwy - Brooklyn Museum"238,120,234,40.671987,-73.964375
110,3,3024,239,"Franklin Av"239,150,2345FS,40.670682,-73.958131
111,3,3025,248,"Nostrand Av"248,150,34,40.669847,-73.950466
112,3,3026,249,"Kingston Av"249,90,34,40.669399,-73.942161
113,3,3027,250,"Crown Hts - Utica Av"250,330,345,40.668897,-73.932942
114,3,3028,251,"Sutter Av - Rutland Rd"251,390,34,40.664717,-73.92261
115,3,3029,252,"Saratoga Av"252,90,34,40.661453,-73.916327
116,3,3030,253,"Rockaway Av"253,120,34,40.662549,-73.908946
117,3,3031,254,"Junius St"254,60,34L,40.663515,-73.902447
118,3,3032,255,"Pennsylvania Av"255,120,34,40.664635,-73.894895
119,3,3033,256,"Van Siclen Av"256,60,34,40.665449,-73.889395
120,3,3034,257,"New Lots Av"257,90,34,40.666235,-73.884079
121,4,401,401,"Woodlawn"401,0,4,40.886037,-73.878751
122,4,402,402,"Mosholu Pkwy"402,120,4,40.87975,-73.884655
123,4,403,405,"Bedford Park Blvd - Lehman College"405,120,4,40.873412,-73.890064
124,4,404,406,"Kingsbridge Rd"406,120,4,40.86776,-73.897174
125,4,405,407,"Fordham Rd"407,90,4,40.862803,-73.901034
126,4,406,408,"183 St"408,60,4,40.858407,-73.903879
127,4,407,409,"Burnside Av"409,90,4,40.853453,-73.907684
128,4,408,410,"176 St"410,90,4,40.84848,-73.911794
129,4,409,411,"Mt Eden Av"411,90,4,40.844434,-73.914685
130,4,4010,412,"170 St"412,90,4,40.840075,-73.917791
131,4,4011,413,"167 St"413,90,4,40.835537,-73.9214
132,4,4012,414,"161 St - Yankee Stadium"414,150,4BD,40.827994,-73.925831
133,4,4013,222,"149 St - Grand Concourse"222,180,245,40.81841,-73.926718
134,4,4014,416,"138 St - Grand Concourse"416,120,45,40.813224,-73.929849
135,4,4015,621,"125 St"621,180,456,40.804138,-73.937594
136,4,4016,626,"86 St"626,270,456,40.779492,-73.955589
137,4,4017,629,"59 St"629,240,456FNR,40.762526,-73.967967
138,4,4018,631,"Grand Central - 42 St"631,180,4567GS,40.751776,-73.976848
139,4,4019,635,"14 St - Union Sq"635,270,456LNQR,40.734673,-73.989951
140,4,4020,640,"Brooklyn Bridge - City Hall"640,330,456JZ,40.713065,-74.004131
141,4,4021,229,"Fulton St"229,120,2345ACJZ,40.709416,-74.006571
142,4,4022,419,"Wall St"419,60,45,40.707557,-74.011862
143,4,4023,420,"Bowling Green"420,90,45,40.704817,-74.014065
144,4,4024,232,"Borough Hall"232,330,2345NR,40.693219,-73.989998
145,4,4025,234,"Nevins St"234,120,2345,40.688246,-73.980492
146,4,4026,235,"Atlantic Av - Barclays Ctr"235,90,2345BDNQR,40.684359,-73.977666
147,4,4027,239,"Franklin Av"239,240,2345FS,40.670682,-73.958131
148,4,4028,250,"Crown Hts - Utica Av"250,210,345,40.668897,-73.932942
149,4,4029,251,"Sutter Av - Rutland Rd"251,180,34,40.664717,-73.92261
150,4,4030,252,"Saratoga Av"252,90,34,40.661453,-73.916327
151,4,4031,253,"Rockaway Av"253,120,34,40.662549,-73.908946
152,4,4032,254,"Junius St"254,60,34L,40.663515,-73.902447
153,4,4033,255,"Pennsylvania Av"255,120,34,40.664635,-73.894895
154,4,4034,256,"Van Siclen Av"256,60,34,40.665449,-73.889395
155,4,4035,257,"New Lots Av"257,90,34,40.666235,-73.884079
156,5,501,501,"Eastchester - Dyre Av"501,0,5,40.8883,-73.830834
157,5,502,502,"Baychester Av"502,120,5,40.878663,-73.838591
158,5,503,503,"Gun Hill Rd"503,150,5,40.869526,-73.846384
159,5,504,504,"Pelham Pkwy"504,150,5,40.858985,-73.855359
160,5,505,505,"Morris Park"505,60,5,40.854364,-73.860495
161,5,506,213,"E 180 St"213,210,25,40.841894,-73.873488
162,5,507,214,"West Farms Sq - E Tremont Av"214,90,2,40.840295,-73.880049
163,5,508,215,"174 St"215,120,2,40.837288,-73.887734
164,5,509,216,"Freeman St"216,120,2,40.829993,-73.891865
165,5,5010,217,"Simpson St"217,120,2,40.824073,-73.893064
166,5,5011,218,"Intervale Av"218,60,2,40.822181,-73.896736
167,5,5012,219,"Prospect Av"219,60,2,40.819585,-73.90177
168,5,5013,220,"Jackson Av"220,90,2,40.81649,-73.907807
169,5,5014,221,"3 Av - 149 St"221,150,25,40.816109,-73.917757
170,5,5015,222,"149 St - Grand Concourse"222,120,245,40.81841,-73.926718
171,5,5016,416,"138 St - Grand Concourse"416,180,45,40.813224,-73.929849
172,5,5017,621,"125 St"621,180,456,40.804138,-73.937594
173,5,5018,626,"86 St"626,300,456,40.779492,-73.955589
174,5,5019,629,"59 St"629,240,456FNR,40.762526,-73.967967
175,5,5020,631,"Grand Central - 42 St"631,150,4567GS,40.751776,-73.976848
176,5,5021,635,"14 St - Union Sq"635,240,456LNQR,40.734673,-73.989951
177,5,5022,640,"Brooklyn Bridge - City Hall"640,270,456JZ,40.713065,-74.004131
178,5,5023,229,"Fulton St"229,120,2345ACJZ,40.709416,-74.006571
179,5,5024,419,"Wall St"419,60,45,40.707557,-74.011862
180,5,5025,420,"Bowling Green"420,90,45,40.704817,-74.014065
181,5,5026,232,"Borough Hall"232,300,2345NR,40.693219,-73.989998
182,5,5027,234,"Nevins St"234,120,2345,40.688246,-73.980492
183,5,5028,235,"Atlantic Av - Barclays Ctr"235,90,2345BDNQR,40.684359,-73.977666
184,5,5029,239,"Franklin Av"239,240,2345FS,40.670682,-73.958131
185,5,5030,241,"President St"241,180,2,40.667883,-73.950683
186,5,5031,242,"Sterling St"242,90,25,40.662742,-73.95085
187,5,5032,243,"Winthrop St"243,90,25,40.656652,-73.9502
188,5,5033,244,"Church Av"244,330,25,40.650843,-73.949575
189,5,5034,245,"Beverly Rd"245,330,25,40.645098,-73.948959
190,5,5035,246,"Newkirk Av"246,90,25,40.639967,-73.948411
191,5,5036,247,"Flatbush Av - Brooklyn College"247,150,25,40.632836,-73.947642
192,6,601,640,"Brooklyn Bridge - City Hall"640,0,456JZ,40.713065,-74.004131
193,6,602,639,"Canal St"639,120,6JNQRZ,40.718803,-74.000193
194,6,603,638,"Spring St"638,90,6,40.722301,-73.997141
195,6,604,637,"Bleecker St"637,60,6BDFM,40.725915,-73.994659
196,6,605,636,"Astor Pl"636,90,6,40.730054,-73.99107
197,6,606,635,"14 St - Union Sq"635,90,456LNQR,40.734673,-73.989951
198,6,607,634,"23 St"634,120,6,40.739864,-73.986599
199,6,608,633,"28 St"633,60,6,40.74307,-73.984264
200,6,609,632,"33 St"632,60,6,40.746081,-73.982076
201,6,6010,631,"Grand Central - 42 St"631,120,4567GS,40.751776,-73.976848
202,6,6011,630,"51 St"630,120,6EM,40.757107,-73.97192
203,6,6012,629,"59 St"629,90,456FNR,40.762526,-73.967967
204,6,6013,628,"68 St - Hunter College"628,90,6,40.768141,-73.96387
205,6,6014,627,"77 St"627,120,6,40.77362,-73.959874
206,6,6015,626,"86 St"626,90,456,40.779492,-73.955589
207,6,6016,625,"96 St"625,120,6,40.785672,-73.95107
208,6,6017,624,"103 St"624,90,6,40.7906,-73.947478
209,6,6018,623,"110 St"623,60,6,40.79502,-73.94425
210,6,6019,622,"116 St"622,90,6,40.798629,-73.941617
211,6,6020,621,"125 St"621,90,456,40.804138,-73.937594
212,6,6021,619,"3 Av - 138 St"619,180,6,40.810476,-73.926138
213,6,6022,618,"Brook Av"618,90,6,40.807566,-73.91924
214,6,6023,617,"Cypress Av"617,60,6,40.805368,-73.914042
215,6,6024,616,"E 143 St - St Mary's St"616,120,6,40.808719,-73.907657
216,6,6025,615,"E 149 St"615,90,6,40.812118,-73.904098
217,6,6026,614,"Longwood Av"614,90,6,40.816104,-73.896435
218,6,6027,613,"Hunts Point Av"613,120,6,40.820948,-73.890549
219,6,6028,612,"Whitlock Av"612,120,6,40.826525,-73.886283
220,6,6029,611,"Elder Av"611,90,6,40.828584,-73.879159
221,6,6030,610,"Morrison Av- Sound View"610,60,6,40.829521,-73.874516
222,6,6031,609,"St Lawrence Av"609,90,6,40.831509,-73.867618
223,6,6032,608,"Parkchester"608,90,6,40.833226,-73.860816
224,6,6033,607,"Castle Hill Av"607,90,6,40.834255,-73.851222
225,6,6035,604,"Westchester Sq - E Tremont Av"604,60,6,40.839892,-73.842952
226,6,6036,603,"Middletown Rd"603,90,6,40.843863,-73.836322
227,6,6038,601,"Pelham Bay Park"601,150,6,40.852462,-73.828121
228,6X,6X01,601,"Pelham Bay Park"601,0,6,40.852462,-73.828121
229,6X,6X03,603,"Middletown Rd"603,90,6,40.843863,-73.836322
230,6X,6X04,604,"Westchester Sq - E Tremont Av"604,90,6,40.839892,-73.842952
231,6X,6X06,607,"Castle Hill Av"607,60,6,40.834255,-73.851222
232,6X,6X07,608,"Parkchester"608,120,6,40.833226,-73.860816
233,6X,6X08,609,"St Lawrence Av"609,90,6,40.831509,-73.867618
234,6X,6X09,610,"Morrison Av- Sound View"610,90,6,40.829521,-73.874516
235,6X,6X010,611,"Elder Av"611,60,6,40.828584,-73.879159
236,6X,6X011,612,"Whitlock Av"612,120,6,40.826525,-73.886283
237,6X,6X012,613,"Hunts Point Av"613,120,6,40.820948,-73.890549
238,6X,6X013,619,"3 Av - 138 St"619,420,6,40.810476,-73.926138
239,6X,6X014,621,"125 St"621,180,456,40.804138,-73.937594
240,6X,6X015,622,"116 St"622,90,6,40.798629,-73.941617
241,6X,6X016,623,"110 St"623,90,6,40.79502,-73.94425
242,6X,6X017,624,"103 St"624,60,6,40.7906,-73.947478
243,6X,6X018,625,"96 St"625,90,6,40.785672,-73.95107
244,6X,6X019,626,"86 St"626,120,456,40.779492,-73.955589
245,6X,6X020,627,"77 St"627,120,6,40.77362,-73.959874
246,6X,6X021,628,"68 St - Hunter College"628,120,6,40.768141,-73.96387
247,6X,6X022,629,"59 St"629,90,456FNR,40.762526,-73.967967
248,6X,6X023,630,"51 St"630,120,6EM,40.757107,-73.97192
249,6X,6X024,631,"Grand Central - 42 St"631,120,4567GS,40.751776,-73.976848
250,6X,6X025,632,"33 St"632,120,6,40.746081,-73.982076
251,6X,6X026,633,"28 St"633,60,6,40.74307,-73.984264
252,6X,6X027,634,"23 St"634,60,6,40.739864,-73.986599
253,6X,6X028,635,"14 St - Union Sq"635,120,456LNQR,40.734673,-73.989951
254,6X,6X029,636,"Astor Pl"636,60,6,40.730054,-73.99107
255,6X,6X030,637,"Bleecker St"637,90,6BDFM,40.725915,-73.994659
256,6X,6X031,638,"Spring St"638,60,6,40.722301,-73.997141
257,6X,6X032,639,"Canal St"639,90,6JNQRZ,40.718803,-74.000193
258,6X,6X033,640,"Brooklyn Bridge - City Hall"640,120,456JZ,40.713065,-74.004131
259,7,701,127,"Times Sq - 42 St"127,0,1237ACEGNQRS,40.75529,-73.987495
260,7,702,724,"5 Av"724,90,7BDFM,40.753821,-73.981963
261,7,703,631,"Grand Central - 42 St"631,90,4567GS,40.751776,-73.976848
262,7,704,721,"Vernon Blvd - Jackson Av"721,270,7,40.742626,-73.953581
263,7,705,720,"Hunters Point Av"720,60,7,40.742216,-73.948916
264,7,706,719,"Court Sq"719,120,7EGM,40.747023,-73.945264
265,7,707,718,"Queensboro Plaza"718,90,7N,40.750582,-73.940202
266,7,708,716,"33 St"716,150,7,40.744587,-73.930997
267,7,709,715,"40 St"715,60,7,40.743781,-73.924016
268,7,7010,714,"46 St"714,60,7,40.743132,-73.918435
269,7,7011,713,"52 St"713,60,7,40.744149,-73.912549
270,7,7012,712,"Woodside - 61 St"712,120,7,40.74563,-73.902984
271,7,7013,711,"69 St"711,120,7,40.746325,-73.896403
272,7,7014,710,"74 St - Broadway"710,90,7EFMR,40.746848,-73.891394
273,7,7015,709,"82 St - Jackson Hts"709,60,7,40.747659,-73.883697
274,7,7016,708,"90 St - Elmhurst Av"708,60,7,40.748408,-73.876613
275,7,7017,707,"Junction Blvd"707,90,7,40.749145,-73.869527
276,7,7018,706,"103 St - Corona Plaza"706,60,7,40.749865,-73.8627
277,7,7019,705,"111 St"705,60,7,40.75173,-73.855334
278,7,7020,702,"Mets - Willets Point"702,150,7,40.754622,-73.845625
279,7,7021,701,"Flushing - Main St"701,210,7,40.7596,-73.83003
280,7X,7X01,127,"Times Sq - 42 St"127,0,1237ACEGNQRS,40.75529,-73.987495
281,7X,7X02,724,"5 Av"724,90,7BDFM,40.753821,-73.981963
282,7X,7X03,631,"Grand Central - 42 St"631,90,4567GS,40.751776,-73.976848
283,7X,7X04,721,"Vernon Blvd - Jackson Av"721,300,7,40.742626,-73.953581
284,7X,7X05,720,"Hunters Point Av"720,60,7,40.742216,-73.948916
285,7X,7X06,719,"Court Sq"719,120,7EGM,40.747023,-73.945264
286,7X,7X07,718,"Queensboro Plaza"718,90,7N,40.750582,-73.940202
287,7X,7X08,712,"Woodside - 61 St"712,330,7,40.74563,-73.902984
288,7X,7X09,707,"Junction Blvd"707,240,7,40.749145,-73.869527
289,7X,7X010,702,"Mets - Willets Point"702,300,7,40.754622,-73.845625
290,7X,7X011,701,"Flushing - Main St"701,300,7,40.7596,-73.83003
291,A,A01,H11,"Far Rockaway - Mott Av"H11,0,A,40.603995,-73.755405
292,A,A02,H10,"Beach 25 St"H10,90,A,40.600066,-73.761353
293,A,A03,H09,"Beach 36 St"H09,120,A,40.595398,-73.768175
294,A,A04,H08,"Beach 44 St"H08,90,A,40.592943,-73.776013
295,A,A05,H07,"Beach 60 St"H07,120,A,40.592374,-73.788522
296,A,A06,H06,"Beach 67 St"H06,90,A,40.590927,-73.796924
297,A,A07,H04,"Broad Channel"H04,240,AH,40.608382,-73.815925
298,A,A08,H03,"Howard Beach - JFK Airport"H03,390,A,40.660476,-73.830301
299,A,A09,H02,"Aqueduct - N Conduit Av"H02,120,A,40.668234,-73.834058
300,A,A010,H01,"Aqueduct Racetrack"H01,60,A,40.668234,-73.834058
301,A,A011,A61,"Rockaway Blvd"A61,180,A,40.680429,-73.843853
302,A,A012,A60,"88 St"A60,90,A,40.679843,-73.85147
303,A,A013,A59,"80 St"A59,90,A,40.679371,-73.858992
304,A,A014,A57,"Grant Av"A57,90,A,40.677044,-73.86505
305,A,A015,A55,"Euclid Av"A55,90,AC,40.675377,-73.872106
306,A,A016,A51,"Broadway Jct"A51,240,ACJLZ,40.678334,-73.905316
307,A,A017,A48,"Utica Av"A48,210,AC,40.679364,-73.930729
308,A,A018,A46,"Nostrand Av"A46,180,AC,40.680438,-73.950426
309,A,A019,A42,"Hoyt - Schermerhorn Sts"A42,300,ACG,40.688484,-73.985001
310,A,A020,A41,"Jay St - MetroTech"A41,90,ACFNR,40.692338,-73.987342
311,A,A021,A40,"High St"A40,120,AC,40.699337,-73.990531
312,A,A022,229,"Fulton St"229,180,2345ACJZ,40.709416,-74.006571
313,A,A023,A36,"Chambers St"A36,120,23ACE,40.714111,-74.008585
314,A,A024,A34,"Canal St"A34,90,ACE,40.720824,-74.005229
315,A,A025,A32,"W 4 St"A32,150,ABCDEFM,40.732338,-74.000495
316,A,A026,A31,"14 St"A31,150,ACEL,40.740893,-74.00169
317,A,A027,A28,"34 St - Penn Station"A28,180,ACE,40.752287,-73.993391
318,A,A028,A27,"42 St - Port Authority Bus Terminal"A27,90,1237ACEGNQRS,40.757308,-73.989735
319,A,A029,125,"59 St - Columbus Circle"125,180,1ABCD,40.768247,-73.981929
320,A,A030,A15,"125 St"A15,480,ABCD,40.811109,-73.952343
321,A,A031,A12,"145 St"A12,180,ABCD,40.824783,-73.944216
322,A,A032,A09,"168 St"A09,180,1AC,40.840719,-73.939561
323,A,A033,A07,"175 St"A07,120,A,40.847391,-73.939704
324,A,A034,A06,"181 St"A06,60,A,40.851695,-73.937969
325,A,A035,A05,"190 St"A05,120,A,40.859022,-73.93418
326,A,A036,A03,"Dyckman St"A03,150,A,40.865491,-73.927271
327,A,A037,A02,"Inwood - 207 St"A02,120,A,40.868072,-73.919899
328,B,B01,D03,"Bedford Park Blvd"D03,0,BD,40.873244,-73.887138
329,B,B02,D04,"Kingsbridge Rd"D04,120,BD,40.866978,-73.893509
330,B,B03,D05,"Fordham Rd"D05,120,BD,40.861296,-73.897749
331,B,B04,D06,"182-183 Sts"D06,90,BD,40.856093,-73.900741
332,B,B05,D07,"Tremont Av"D07,90,BD,40.85041,-73.905227
333,B,B06,D08,"174-175 Sts"D08,90,BD,40.8459,-73.910136
334,B,B07,D09,"170 St"D09,150,BD,40.839306,-73.9134
335,B,B08,D10,"167 St"D10,120,BD,40.833771,-73.91844
336,B,B09,414,"161 St - Yankee Stadium"414,150,4BD,40.827994,-73.925831
337,B,B010,D12,"155 St"D12,90,BD,40.830135,-73.938209
338,B,B011,A12,"145 St"A12,90,ABCD,40.824783,-73.944216
339,B,B012,A14,"135 St"A14,120,ABC,40.817894,-73.947649
340,B,B013,A15,"125 St"A15,180,ABCD,40.811109,-73.952343
341,B,B014,A16,"116 St"A16,180,ABC,40.805085,-73.954882
342,B,B015,A17,"Cathedral Pkwy (110 St)"A17,90,ABC,40.800603,-73.958161
343,B,B016,A18,"103 St"A18,60,ABC,40.796092,-73.961454
344,B,B017,A19,"96 St"A19,90,ABC,40.791642,-73.964696
345,B,B018,A20,"86 St"A20,90,ABC,40.785868,-73.968916
346,B,B019,A21,"81 St - Museum of Natural History"A21,90,ABC,40.781433,-73.972143
347,B,B020,A22,"72 St"A22,90,ABC,40.775594,-73.97641
348,B,B021,125,"59 St - Columbus Circle"125,90,1ABCD,40.768247,-73.981929
349,B,B022,D14,"7 Av"D14,120,BDE,40.762862,-73.981637
350,B,B023,D15,"47-50 Sts - Rockefeller Ctr"D15,120,BDFM,40.758663,-73.981329
351,B,B024,D16,"42 St - Bryant Pk"D16,90,7BDFM,40.754222,-73.984569
352,B,B025,D17,"34 St - Herald Sq"D17,120,BDFMNQR,40.749719,-73.987823
353,B,B026,A32,"W 4 St"A32,180,ABCDEFM,40.732338,-74.000495
354,B,B027,D21,"Broadway-Lafayette St"D21,120,BDMQ6,40.725297,-73.996204
355,B,B028,D22,"Grand St"D22,120,BD,40.718267,-73.993753
356,B,B029,R30,"DeKalb Av"R30,510,BDNQR,40.690635,-73.981824
357,B,B030,235,"Atlantic Av - Barclays Ctr"235,120,2345BDNQR,40.684359,-73.977666
358,B,B031,D25,"7 Av"D25,120,BQ,40.67705,-73.972367
359,B,B032,D26,"Prospect Park"D26,270,BFQS,40.661614,-73.962246
360,B,B033,D28,"Church Av"D28,120,BQ,40.650527,-73.962982
361,B,B034,D31,"Newkirk Plaza"D31,150,BQ,40.635082,-73.962793
362,B,B035,D35,"Kings Hwy"D35,270,BQ,40.60867,-73.957734
363,B,B036,D39,"Sheepshead Bay"D39,300,BQ,40.586896,-73.954155
364,B,B037,D40,"Brighton Beach"D40,120,BQ,40.577621,-73.961376
365,C,C01,A09,"168 St"A09,0,1AC,40.840719,-73.939561
366,C,C02,A10,"163 St - Amsterdam Av"A10,60,AC,40.836013,-73.939892
367,C,C03,A11,"155 St"A11,90,AC,40.830518,-73.941514
368,C,C04,A12,"145 St"A12,90,ABCD,40.824783,-73.944216
369,C,C05,A14,"135 St"A14,120,ABC,40.817894,-73.947649
370,C,C06,A15,"125 St"A15,90,ABCD,40.811109,-73.952343
371,C,C07,A16,"116 St"A16,90,ABC,40.805085,-73.954882
372,C,C08,A17,"Cathedral Pkwy (110 St)"A17,90,ABC,40.800603,-73.958161
373,C,C09,A18,"103 St"A18,60,ABC,40.796092,-73.961454
374,C,C010,A19,"96 St"A19,90,ABC,40.791642,-73.964696
375,C,C011,A20,"86 St"A20,90,ABC,40.785868,-73.968916
376,C,C012,A21,"81 St - Museum of Natural History"A21,90,ABC,40.781433,-73.972143
377,C,C013,A22,"72 St"A22,90,ABC,40.775594,-73.97641
378,C,C014,125,"59 St - Columbus Circle"125,90,1ABCD,40.768247,-73.981929
379,C,C015,A25,"50 St"A25,90,ACE,40.762456,-73.985984
380,C,C016,A27,"42 St - Port Authority Bus Terminal"A27,120,1237ACEGNQRS,40.757308,-73.989735
381,C,C017,A28,"34 St - Penn Station"A28,90,ACE,40.752287,-73.993391
382,C,C018,A30,"23 St"A30,120,ACE,40.745906,-73.998041
383,C,C019,A31,"14 St"A31,90,ACEL,40.740893,-74.00169
384,C,C020,A32,"W 4 St"A32,150,ABCDEFM,40.732338,-74.000495
385,C,C021,A33,"Spring St"A33,90,ACE,40.726227,-74.003739
386,C,C022,A34,"Canal St"A34,90,ACE,40.720824,-74.005229
387,C,C023,A36,"Chambers St"A36,120,23ACE,40.714111,-74.008585
388,C,C024,229,"Fulton St"229,120,2345ACJZ,40.709416,-74.006571
389,C,C025,A40,"High St"A40,180,AC,40.699337,-73.990531
390,C,C026,A41,"Jay St - MetroTech"A41,120,ACFNR,40.692338,-73.987342
391,C,C027,A42,"Hoyt - Schermerhorn Sts"A42,90,ACG,40.688484,-73.985001
392,C,C028,A43,"Lafayette Av"A43,120,AC,40.686113,-73.973946
393,C,C029,A44,"Clinton - Washington Avs"A44,120,AC,40.683263,-73.965838
394,C,C030,A45,"Franklin Av"A45,90,ACFS,40.68138,-73.956848
395,C,C031,A46,"Nostrand Av"A46,90,AC,40.680438,-73.950426
396,C,C032,A47,"Kingston - Throop Avs"A47,90,AC,40.679921,-73.940858
397,C,C033,A48,"Utica Av"A48,120,AC,40.679364,-73.930729
398,C,C034,A49,"Ralph Av"A49,120,AC,40.678822,-73.920786
399,C,C035,A50,"Rockaway Av"A50,90,AC,40.67834,-73.911946
400,C,C036,A51,"Broadway Jct"A51,90,ACJLZ,40.678334,-73.905316
401,C,C037,A52,"Liberty Av"A52,120,AC,40.674542,-73.896548
402,C,C038,A53,"Van Siclen Av"A53,90,AC,40.67271,-73.890358
403,C,C039,A54,"Shepherd Av"A54,90,AC,40.67413,-73.88075
404,C,C040,A55,"Euclid Av"A55,90,AC,40.675377,-73.872106
405,D,D01,D43,"Coney Island - Stillwell Av"D43,0,DFNQ,40.577422,-73.981233
406,D,D02,B23,"Bay 50 St"B23,240,D,40.588841,-73.983765
407,D,D03,B22,"25 Av"B22,150,D,40.597704,-73.986829
408,D,D04,B21,"Bay Pkwy"B21,90,D,40.601875,-73.993728
409,D,D05,B20,"20 Av"B20,60,D,40.604556,-73.998168
410,D,D06,B19,"18 Av"B19,90,D,40.607954,-74.001736
411,D,D07,B18,"79 St"B18,90,D,40.613501,-74.00061
412,D,D08,B17,"71 St"B17,90,D,40.619589,-73.998864
413,D,D09,B16,"62 St"B16,120,DN,40.626472,-73.996895
414,D,D010,B15,"55 St"B15,120,D,40.631435,-73.995476
415,D,D011,B14,"50 St"B14,90,D,40.63626,-73.994791
416,D,D012,B13,"Fort Hamilton Pkwy"B13,90,D,40.640914,-73.994304
417,D,D013,B12,"9 Av"B12,150,D,40.646292,-73.994324
418,D,D014,R36,"36 St"R36,240,DNR,40.655144,-74.003549
419,D,D015,235,"Atlantic Av - Barclays Ctr"235,330,2345BDNQR,40.684359,-73.977666
420,D,D016,D22,"Grand St"D22,630,BD,40.718267,-73.993753
421,D,D017,D21,"Broadway-Lafayette St"D21,120,BDMQ6,40.725297,-73.996204
422,D,D018,A32,"W 4 St"A32,120,ABCDEFM,40.732338,-74.000495
423,D,D019,D17,"34 St - Herald Sq"D17,180,BDFMNQR,40.749719,-73.987823
424,D,D020,D16,"42 St - Bryant Pk"D16,90,7BDFM,40.754222,-73.984569
425,D,D021,D15,"47-50 Sts - Rockefeller Ctr"D15,90,BDFM,40.758663,-73.981329
426,D,D022,D14,"7 Av"D14,90,BDE,40.762862,-73.981637
427,D,D023,125,"59 St - Columbus Circle"125,120,1ABCD,40.768247,-73.981929
428,D,D024,A15,"125 St"A15,480,ABCD,40.811109,-73.952343
429,D,D025,A12,"145 St"A12,270,ABCD,40.824783,-73.944216
430,D,D026,D12,"155 St"D12,150,BD,40.830135,-73.938209
431,D,D027,414,"161 St - Yankee Stadium"414,90,4BD,40.827994,-73.925831
432,D,D028,D10,"167 St"D10,150,BD,40.833771,-73.91844
433,D,D029,D09,"170 St"D09,120,BD,40.839306,-73.9134
434,D,D030,D08,"174-175 Sts"D08,120,BD,40.8459,-73.910136
435,D,D031,D07,"Tremont Av"D07,210,BD,40.85041,-73.905227
436,D,D032,D06,"182-183 Sts"D06,210,BD,40.856093,-73.900741
437,D,D033,D05,"Fordham Rd"D05,90,BD,40.861296,-73.897749
438,D,D034,D04,"Kingsbridge Rd"D04,90,BD,40.866978,-73.893509
439,D,D035,D03,"Bedford Park Blvd"D03,120,BD,40.873244,-73.887138
440,D,D036,D01,"Norwood - 205 St"D01,150,D,40.874811,-73.878855
441,E,E01,E01,"World Trade Center"E01,0,23ACE,40.712582,-74.009781
442,E,E02,A34,"Canal St"A34,120,ACE,40.720824,-74.005229
443,E,E03,A33,"Spring St"A33,90,ACE,40.726227,-74.003739
444,E,E04,A32,"W 4 St"A32,120,ABCDEFM,40.732338,-74.000495
445,E,E05,A31,"14 St"A31,150,ACEL,40.740893,-74.00169
446,E,E06,A30,"23 St"A30,90,ACE,40.745906,-73.998041
447,E,E07,A28,"34 St - Penn Station"A28,120,ACE,40.752287,-73.993391
448,E,E08,A27,"42 St - Port Authority Bus Terminal"A27,90,1237ACEGNQRS,40.757308,-73.989735
449,E,E09,A25,"50 St"A25,120,ACE,40.762456,-73.985984
450,E,E010,D14,"7 Av"D14,90,BDE,40.762862,-73.981637
451,E,E011,F12,"5 Av/53 St"F12,90,EM,40.760167,-73.975224
452,E,E012,F11,"Lexington Av/53 St"F11,90,6EM,40.757552,-73.969055
453,E,E013,719,"Court Sq"719,210,7EGM,40.747023,-73.945264
454,E,E014,G21,"Queens Plaza"G21,90,EMR,40.748973,-73.937243
455,E,E015,G14,"Jackson Hts - Roosevelt Av"G14,330,7EFMR,40.746644,-73.891338
456,E,E016,G08,"Forest Hills - 71 Av"G08,420,EFMR,40.721691,-73.844521
457,E,E017,F06,"Kew Gardens - Union Tpke"F06,150,EF,40.714441,-73.831008
458,E,E018,G07,"Jamaica - Van Wyck"G07,180,E,40.702566,-73.816859
459,E,E019,G06,"Sutphin Blvd - Archer Av - JFK Airport"G06,150,EJZ,40.700486,-73.807969
460,E,E020,G05,"Jamaica Center - Parsons/Archer"G05,120,EJZ,40.702147,-73.801109
461,F,F01,D43,"Coney Island - Stillwell Av"D43,0,DFNQ,40.577422,-73.981233
462,F,F02,D42,"W 8 St - NY Aquarium"D42,90,FQ,40.576127,-73.975939
463,F,F03,F39,"Neptune Av"F39,90,F,40.581011,-73.974574
464,F,F04,F38,"Avenue X"F38,120,F,40.58962,-73.97425
465,F,F05,F36,"Avenue U"F36,120,F,40.596063,-73.973357
466,F,F06,F35,"Kings Hwy"F35,120,F,40.603217,-73.972361
467,F,F07,F34,"Avenue P"F34,90,F,40.608944,-73.973022
468,F,F08,F33,"Avenue N"F33,90,F,40.61514,-73.974197
469,F,F09,F32,"Bay Pkwy"F32,90,F,40.620769,-73.975264
470,F,F010,F31,"Avenue I"F31,60,F,40.625322,-73.976127
471,F,F011,F30,"18 Av"F30,90,F,40.629755,-73.976971
472,F,F012,F29,"Ditmas Av"F29,90,F,40.636119,-73.978172
473,F,F013,F27,"Church Av"F27,120,FG,40.644041,-73.979678
474,F,F014,F26,"Fort Hamilton Pkwy"F26,90,FG,40.650782,-73.975776
475,F,F015,F25,"15 St - Prospect Park"F25,150,FG,40.660365,-73.979493
476,F,F016,F24,"7 Av"F24,90,FG,40.666271,-73.980305
477,F,F017,F23,"4 Av"F23,120,DFGNR,40.670272,-73.989779
478,F,F018,F22,"Smith - 9 Sts"F22,90,FG,40.67358,-73.995959
479,F,F019,F21,"Carroll St"F21,120,FG,40.680303,-73.995048
480,F,F020,F20,"Bergen St"F20,90,FG,40.686145,-73.990862
481,F,F021,A41,"Jay St - MetroTech"A41,150,ACFNR,40.692338,-73.987342
482,F,F022,F18,"York St"F18,90,F,40.701397,-73.986751
483,F,F023,F16,"East Broadway"F16,180,F,40.713715,-73.990173
484,F,F024,F15,"Delancey St"F15,90,FJMZ,40.718611,-73.988114
485,F,F025,F14,"2 Av"F14,90,F,40.723402,-73.989938
486,F,F026,D21,"Broadway-Lafayette St"D21,90,BDMQ6,40.725297,-73.996204
487,F,F027,A32,"W 4 St"A32,150,ABCDEFM,40.732338,-74.000495
488,F,F028,132,"14 St"132,90,123FLM,40.737826,-74.000201
489,F,F029,D18,"23 St"D18,90,FM,40.742878,-73.992821
490,F,F030,D17,"34 St - Herald Sq"D17,90,BDFMNQR,40.749719,-73.987823
491,F,F031,D16,"42 St - Bryant Pk"D16,90,7BDFM,40.754222,-73.984569
492,F,F032,D15,"47-50 Sts - Rockefeller Ctr"D15,90,BDFM,40.758663,-73.981329
493,F,F033,B10,"57 St"B10,90,F,40.763972,-73.97745
494,F,F034,B08,"Lexington Av/63 St"B08,150,456FNR,40.764629,-73.966113
495,F,F035,B06,"Roosevelt Island"B06,150,F,40.759145,-73.95326
496,F,F036,B04,"21 St - Queensbridge"B04,120,F,40.754203,-73.942836
497,F,F037,G14,"Jackson Hts - Roosevelt Av"G14,360,7EFMR,40.746644,-73.891338
498,F,F038,G08,"Forest Hills - 71 Av"G08,420,EFMR,40.721691,-73.844521
499,F,F039,F07,"75 Av"F07,120,EF,40.718331,-73.837324
500,F,F040,F06,"Kew Gardens - Union Tpke"F06,90,EF,40.714441,-73.831008
501,F,F041,F05,"Briarwood - Van Wyck Blvd"F05,120,EF,40.709179,-73.820574
502,F,F042,F04,"Sutphin Blvd"F04,90,F,40.70546,-73.810708
503,F,F043,F03,"Parsons Blvd"F03,210,F,40.707564,-73.803326
504,F,F044,F02,"169 St"F02,390,F,40.71047,-73.793604
505,F,F045,F01,"Jamaica - 179 St"F01,300,F,40.712646,-73.783817
506,FS,FS01,D26,"Prospect Park"D26,0,BFQS,40.661614,-73.962246
507,FS,FS02,S04,"Botanic Garden"S04,180,2345FS,40.670343,-73.959245
508,FS,FS03,S03,"Park Pl"S03,120,FS,40.674772,-73.957624
509,FS,FS04,A45,"Franklin Av"A45,120,ACFS,40.68138,-73.956848
510,GS,GS01,631,"Grand Central - 42 St"631,0,4567GS,40.751776,-73.976848
511,GS,GS02,127,"Times Sq - 42 St"127,90,1237ACEGNQRS,40.75529,-73.987495
512,G,G01,719,"Court Sq"719,0,7EGM,40.747023,-73.945264
513,G,G02,G24,"21 St"G24,60,G,40.744065,-73.949724
514,G,G03,G26,"Greenpoint Av"G26,150,G,40.731352,-73.954449
515,G,G04,G28,"Nassau Av"G28,90,G,40.724635,-73.951277
516,G,G05,G29,"Metropolitan Av"G29,180,GL,40.712792,-73.951418
517,G,G06,G30,"Broadway"G30,90,G,40.706092,-73.950308
518,G,G07,G31,"Flushing Av"G31,60,G,40.700377,-73.950234
519,G,G08,G32,"Myrtle - Willoughby Avs"G32,90,G,40.694568,-73.949046
520,G,G09,G33,"Bedford - Nostrand Avs"G33,90,G,40.689627,-73.953522
521,G,G010,G34,"Classon Av"G34,60,G,40.688873,-73.96007
522,G,G011,G35,"Clinton - Washington Avs"G35,90,G,40.688089,-73.966839
523,G,G012,G36,"Fulton St"G36,90,G,40.687119,-73.975375
524,G,G013,A42,"Hoyt - Schermerhorn Sts"A42,90,ACG,40.688484,-73.985001
525,G,G014,F20,"Bergen St"F20,90,FG,40.686145,-73.990862
526,G,G015,F21,"Carroll St"F21,90,FG,40.680303,-73.995048
527,G,G016,F22,"Smith - 9 Sts"F22,90,FG,40.67358,-73.995959
528,G,G017,F23,"4 Av"F23,90,DFGNR,40.670272,-73.989779
529,G,G018,F24,"7 Av"F24,90,FG,40.666271,-73.980305
530,G,G019,F25,"15 St - Prospect Park"F25,90,FG,40.660365,-73.979493
531,G,G020,F26,"Fort Hamilton Pkwy"F26,150,FG,40.650782,-73.975776
532,G,G021,F27,"Church Av"F27,90,FG,40.644041,-73.979678
533,H,H01,H15,"Rockaway Park - Beach 116 St"H15,0,AS,40.580903,-73.835592
534,H,H02,H14,"Beach 105 St"H14,120,AS,40.583209,-73.827559
535,H,H03,H13,"Beach 98 St"H13,120,AS,40.585307,-73.820558
536,H,H04,H12,"Beach 90 St"H12,90,AS,40.588034,-73.813641
537,H,H05,H04,"Broad Channel"H04,360,AS,40.608382,-73.815925
538,J,J01,M23,"Broad St"M23,0,JZ,40.706476,-74.011056
539,J,J02,229,"Fulton St"229,90,2345ACJZ,40.709416,-74.006571
540,J,J03,M21,"Chambers St"M21,90,456JZ,40.713243,-74.003401
541,J,J04,639,"Canal St"639,120,6JNQRZ,40.718803,-74.000193
542,J,J05,M19,"Bowery"M19,120,JZ,40.72028,-73.993915
543,J,J06,M18,"Essex St"M18,120,FJMZ,40.718315,-73.987437
544,J,J07,M16,"Marcy Av"M16,450,JMZ,40.708359,-73.957757
545,J,J08,M14,"Hewes St"M14,60,JM,40.70687,-73.953431
546,J,J09,M13,"Lorimer St"M13,90,JM,40.703869,-73.947408
547,J,J010,M12,"Flushing Av"M12,90,JM,40.70026,-73.941126
548,J,J011,M11,"Myrtle Av"M11,60,JMZ,40.697207,-73.935657
549,J,J012,J31,"Kosciuszko St"J31,90,J,40.693342,-73.928814
550,J,J013,J30,"Gates Av"J30,90,JZ,40.68963,-73.92227
551,J,J014,J29,"Halsey St"J29,90,J,40.68637,-73.916559
552,J,J015,J28,"Chauncey St"J28,90,JZ,40.682893,-73.910456
553,J,J016,A51,"Broadway Jct"A51,90,ACJLZ,40.678334,-73.905316
554,J,J017,J24,"Alabama Av"J24,120,JZ,40.676992,-73.898654
555,J,J018,J23,"Van Siclen Av"J23,90,JZ,40.678024,-73.891688
556,J,J019,J22,"Cleveland St"J22,90,J,40.679947,-73.884639
557,J,J020,J21,"Norwood Av"J21,60,JZ,40.68141,-73.880039
558,J,J021,J20,"Crescent St"J20,120,JZ,40.683194,-73.873785
559,J,J022,J19,"Cypress Hills"J19,120,J,40.689941,-73.87255
560,J,J023,J17,"75 St"J17,60,JZ,40.691324,-73.867139
561,J,J024,J16,"85 St - Forest Pkwy"J16,90,J,40.692435,-73.86001
562,J,J025,J15,"Woodhaven Blvd"J15,120,JZ,40.693879,-73.851576
563,J,J026,J14,"104 St"J14,90,JZ,40.695178,-73.84433
564,J,J027,J13,"111 St"J13,120,J,40.697418,-73.836345
565,J,J028,J12,"121 St"J12,90,JZ,40.700492,-73.828294
566,J,J029,G06,"Sutphin Blvd - Archer Av - JFK Airport"G06,240,EJZ,40.700486,-73.807969
567,J,J030,G05,"Jamaica Center - Parsons/Archer"G05,60,EJZ,40.702147,-73.801109
568,L,L01,L29,"Canarsie - Rockaway Pkwy"L29,0,L,40.646654,-73.90185
569,L,L02,L28,"E 105 St"L28,120,L,40.650573,-73.899485
570,L,L03,L27,"New Lots Av"L27,120,L,40.658733,-73.899232
571,L,L04,L26,"Livonia Av"L26,90,34L,40.664038,-73.900571
572,L,L05,L25,"Sutter Av"L25,90,L,40.669367,-73.901975
573,L,L06,L24,"Atlantic Av"L24,90,L,40.675345,-73.903097
574,L,L07,A51,"Broadway Jct"A51,90,ACJLZ,40.678334,-73.905316
575,L,L08,L21,"Bushwick Av - Aberdeen St"L21,60,L,40.682829,-73.905249
576,L,L09,L20,"Wilson Av"L20,90,L,40.688764,-73.904046
577,L,L010,L19,"Halsey St"L19,150,L,40.695602,-73.904084
578,L,L011,L17,"Myrtle - Wyckoff Avs"L17,90,LM,40.699814,-73.911586
579,L,L012,L16,"DeKalb Av"L16,120,L,40.703811,-73.918425
580,L,L013,L15,"Jefferson St"L15,60,L,40.706607,-73.922913
581,L,L014,L14,"Morgan Av"L14,150,L,40.706152,-73.933147
582,L,L015,L13,"Montrose Av"L13,120,L,40.707739,-73.93985
583,L,L016,L12,"Grand St"L12,60,L,40.711926,-73.94067
584,L,L017,L11,"Graham Av"L11,60,L,40.714565,-73.944053
585,L,L018,L10,"Lorimer St"L10,90,GL,40.714063,-73.950275
586,L,L019,L08,"Bedford Av"L08,120,L,40.717304,-73.956872
587,L,L020,L06,"1 Av"L06,240,L,40.730953,-73.981628
588,L,L021,L05,"3 Av"L05,60,L,40.732849,-73.986122
589,L,L022,635,"14 St - Union Sq"635,90,456LNQR,40.734673,-73.989951
590,L,L023,L02,"6 Av"L02,90,123FLM,40.737335,-73.996786
591,L,L024,L01,"8 Av"L01,60,ACEL,40.739777,-74.002578
592,M,M01,M01,"Middle Village - Metropolitan Av"M01,0,M,40.711396,-73.889601
593,M,M02,M04,"Fresh Pond Rd"M04,120,M,40.706186,-73.895877
594,M,M03,M05,"Forest Av"M05,90,M,40.704423,-73.903077
595,M,M04,M06,"Seneca Av"M06,60,M,40.702762,-73.90774
596,M,M05,L17,"Myrtle - Wyckoff Avs"L17,90,LM,40.699814,-73.911586
597,M,M06,M09,"Knickerbocker Av"M09,120,M,40.698664,-73.919711
598,M,M07,M10,"Central Av"M10,120,M,40.697857,-73.927397
599,M,M08,M11,"Myrtle Av"M11,120,JMZ,40.697207,-73.935657
600,M,M09,M12,"Flushing Av"M12,90,JM,40.70026,-73.941126
601,M,M010,M13,"Lorimer St"M13,90,JM,40.703869,-73.947408
602,M,M011,M14,"Hewes St"M14,60,JM,40.70687,-73.953431
603,M,M012,M16,"Marcy Av"M16,60,JMZ,40.708359,-73.957757
604,M,M013,M18,"Essex St"M18,510,FJMZ,40.718315,-73.987437
605,M,M014,D21,"Broadway-Lafayette St"D21,240,BDMQ6,40.725297,-73.996204
606,M,M015,A32,"W 4 St"A32,150,ABCDEFM,40.732338,-74.000495
607,M,M016,132,"14 St"132,90,123FLM,40.737826,-74.000201
608,M,M017,D18,"23 St"D18,90,FM,40.742878,-73.992821
609,M,M018,D17,"34 St - Herald Sq"D17,90,BDFMNQR,40.749719,-73.987823
610,M,M019,D16,"42 St - Bryant Pk"D16,90,7BDFM,40.754222,-73.984569
611,M,M020,D15,"47-50 Sts - Rockefeller Ctr"D15,90,BDFM,40.758663,-73.981329
612,M,M021,F12,"5 Av/53 St"F12,180,EM,40.760167,-73.975224
613,M,M022,F11,"Lexington Av/53 St"F11,150,6EM,40.757552,-73.969055
614,M,M023,719,"Court Sq"719,180,7EGM,40.747023,-73.945264
615,M,M024,G21,"Queens Plaza"G21,90,EMR,40.748973,-73.937243
616,M,M025,G20,"36 St"G20,120,EMR,40.752039,-73.928781
617,M,M026,G19,"Steinway St"G19,120,EMR,40.756879,-73.92074
618,M,M027,G18,"46 St"G18,90,EMR,40.756312,-73.913333
619,M,M028,G16,"Northern Blvd"G16,90,EMR,40.752885,-73.906006
620,M,M029,G15,"65 St"G15,60,EMR,40.749669,-73.898453
621,M,M030,G14,"Jackson Hts - Roosevelt Av"G14,90,7EFMR,40.746644,-73.891338
622,M,M031,G13,"Elmhurst Av"G13,90,EMR,40.742454,-73.882017
623,M,M032,G12,"Grand Av - Newtown"G12,90,EMR,40.737015,-73.877223
624,M,M033,G11,"Woodhaven Blvd"G11,120,EMR,40.733106,-73.869229
625,M,M034,G10,"63 Dr - Rego Park"G10,60,EMR,40.729846,-73.861604
626,M,M035,G09,"67 Av"G09,120,EMR,40.726523,-73.852719
627,M,M036,G08,"Forest Hills - 71 Av"G08,90,EFMR,40.721691,-73.844521
628,N,N01,R01,"Astoria - Ditmars Blvd"R01,0,NQ,40.775036,-73.912034
629,N,N02,R03,"Astoria Blvd"R03,90,NQ,40.770258,-73.917843
630,N,N03,R04,"30 Av"R04,60,NQ,40.766779,-73.921479
631,N,N04,R05,"Broadway"R05,90,NQ,40.76182,-73.925508
632,N,N05,R06,"36 Av"R06,120,NQ,40.756804,-73.929575
633,N,N06,R08,"39 Av"R08,60,N,40.752882,-73.932755
634,N,N07,718,"Queensboro Plaza"718,150,7N,40.750582,-73.940202
635,N,N08,R11,"Lexington Av/59 St"R11,300,456FNR,40.76266,-73.967258
636,N,N09,R13,"5 Av/59 St"R13,90,NR,40.764811,-73.973347
637,N,N010,R14,"57 St - 7 Av"R14,150,NQR,40.764664,-73.980658
638,N,N011,R15,"49 St"R15,90,NQR,40.759901,-73.984139
639,N,N012,127,"Times Sq - 42 St"127,90,1237ACEGNQRS,40.75529,-73.987495
640,N,N013,D17,"34 St - Herald Sq"D17,90,BDFMNQR,40.749719,-73.987823
641,N,N014,R18,"28 St"R18,60,NQR,40.745494,-73.988691
642,N,N015,R19,"23 St"R19,90,NQR,40.741303,-73.989344
643,N,N016,635,"14 St - Union Sq"635,90,456LNQR,40.734673,-73.989951
644,N,N017,R21,"8 St - NYU"R21,120,NQR,40.730328,-73.992629
645,N,N018,R22,"Prince St"R22,120,NQR,40.724329,-73.997702
646,N,N019,639,"Canal St"639,120,6JNQRZ,40.718803,-74.000193
647,N,N020,235,"Atlantic Av - Barclays Ctr"235,750,2345BDNQR,40.684359,-73.977666
648,N,N021,R36,"36 St"R36,330,DNR,40.655144,-74.003549
649,N,N022,R41,"59 St"R41,210,NR,40.641362,-74.017881
650,N,N023,N02,"8 Av"N02,180,N,40.635064,-74.011719
651,N,N024,N03,"Fort Hamilton Pkwy"N03,90,N,40.631386,-74.005351
652,N,N025,N04,"New Utrecht Av"N04,120,DN,40.624842,-73.996353
653,N,N026,N05,"18 Av"N05,90,N,40.620671,-73.990414
654,N,N027,N06,"20 Av"N06,90,N,40.61741,-73.985026
655,N,N028,N07,"Bay Pkwy"N07,90,N,40.611815,-73.981848
656,N,N029,N08,"Kings Hwy"N08,120,N,40.603923,-73.980353
657,N,N030,N09,"Avenue U"N09,120,N,40.597473,-73.979137
658,N,N031,N10,"86 St"N10,240,N,40.592721,-73.97823
659,N,N032,D43,"Coney Island - Stillwell Av"D43,420,DFNQ,40.577422,-73.981233
660,Q,Q01,R01,"Astoria - Ditmars Blvd"R01,0,NQ,40.775036,-73.912034
661,Q,Q02,R03,"Astoria Blvd"R03,90,NQ,40.770258,-73.917843
662,Q,Q03,R04,"30 Av"R04,60,NQ,40.766779,-73.921479
663,Q,Q04,R05,"Broadway"R05,90,NQ,40.76182,-73.925508
664,Q,Q05,R06,"36 Av"R06,120,NQ,40.756804,-73.929575
665,Q,Q06,R08,"39 Av"R08,60,N,40.752882,-73.932755
666,Q,Q07,718,"Queensboro Plaza"718,210,7N,40.750582,-73.940202
667,Q,Q08,R11,"Lexington Av/59 St"R11,360,456FNR,40.76266,-73.967258
668,Q,Q09,R13,"5 Av/59 St"R13,90,NR,40.764811,-73.973347
669,Q,Q010,R14,"57 St - 7 Av"R14,150,NQR,40.764664,-73.980658
670,Q,Q011,R15,"49 St"R15,90,NQR,40.759901,-73.984139
671,Q,Q012,127,"Times Sq - 42 St"127,90,1237ACEGNQRS,40.75529,-73.987495
672,Q,Q013,D17,"34 St - Herald Sq"D17,210,BDFMNQR,40.749719,-73.987823
673,Q,Q014,635,"14 St - Union Sq"635,300,456LNQR,40.734673,-73.989951
674,Q,Q015,639,"Canal St"639,240,6JNQRZ,40.718803,-74.000193
675,Q,Q016,R30,"DeKalb Av"R30,480,BDNQR,40.690635,-73.981824
676,Q,Q017,235,"Atlantic Av - Barclays Ctr"235,90,2345BDNQR,40.684359,-73.977666
677,Q,Q018,D25,"7 Av"D25,150,BQ,40.67705,-73.972367
678,Q,Q019,D26,"Prospect Park"D26,240,BFQS,40.661614,-73.962246
679,Q,Q020,D27,"Parkside Av"D27,90,Q,40.655292,-73.961495
680,Q,Q021,D28,"Church Av"D28,90,BQ,40.650527,-73.962982
681,Q,Q022,D29,"Beverley Rd"D29,90,Q,40.644031,-73.964492
682,Q,Q023,D30,"Cortelyou Rd"D30,60,Q,40.640927,-73.963891
683,Q,Q024,D31,"Newkirk Plaza"D31,90,BQ,40.635082,-73.962793
684,Q,Q025,D32,"Avenue H"D32,60,Q,40.62927,-73.961639
685,Q,Q026,D33,"Avenue J"D33,90,Q,40.625039,-73.960803
686,Q,Q027,D34,"Avenue M"D34,90,Q,40.617618,-73.959399
687,Q,Q028,D35,"Kings Hwy"D35,150,BQ,40.60867,-73.957734
688,Q,Q029,D37,"Avenue U"D37,150,Q,40.5993,-73.955929
689,Q,Q030,D38,"Neck Rd"D38,60,Q,40.595246,-73.955161
690,Q,Q031,D39,"Sheepshead Bay"D39,150,BQ,40.586896,-73.954155
691,Q,Q032,D40,"Brighton Beach"D40,120,BQ,40.577621,-73.961376
692,Q,Q033,D41,"Ocean Pkwy"D41,120,Q,40.576312,-73.968501
693,Q,Q034,D42,"W 8 St - NY Aquarium"D42,120,FQ,40.576127,-73.975939
694,Q,Q035,D43,"Coney Island - Stillwell Av"D43,90,DFNQ,40.577422,-73.981233
695,R,R01,G08,"Forest Hills - 71 Av"G08,0,EFMR,40.721691,-73.844521
696,R,R02,G09,"67 Av"G09,90,EMR,40.726523,-73.852719
697,R,R03,G10,"63 Dr - Rego Park"G10,120,EMR,40.729846,-73.861604
698,R,R04,G11,"Woodhaven Blvd"G11,60,EMR,40.733106,-73.869229
699,R,R05,G12,"Grand Av - Newtown"G12,120,EMR,40.737015,-73.877223
700,R,R06,G13,"Elmhurst Av"G13,90,EMR,40.742454,-73.882017
701,R,R07,G14,"Jackson Hts - Roosevelt Av"G14,90,7EFMR,40.746644,-73.891338
702,R,R08,G15,"65 St"G15,90,EMR,40.749669,-73.898453
703,R,R09,G16,"Northern Blvd"G16,90,EMR,40.752885,-73.906006
704,R,R010,G18,"46 St"G18,90,EMR,40.756312,-73.913333
705,R,R011,G19,"Steinway St"G19,90,EMR,40.756879,-73.92074
706,R,R012,G20,"36 St"G20,120,EMR,40.752039,-73.928781
707,R,R013,G21,"Queens Plaza"G21,120,EMR,40.748973,-73.937243
708,R,R014,R11,"Lexington Av/59 St"R11,330,456FNR,40.76266,-73.967258
709,R,R015,R13,"5 Av/59 St"R13,90,NR,40.764811,-73.973347
710,R,R016,R14,"57 St - 7 Av"R14,150,NQR,40.764664,-73.980658
711,R,R017,R15,"49 St"R15,90,NQR,40.759901,-73.984139
712,R,R018,127,"Times Sq - 42 St"127,90,1237ACEGNQRS,40.75529,-73.987495
713,R,R019,D17,"34 St - Herald Sq"D17,90,BDFMNQR,40.749719,-73.987823
714,R,R020,R18,"28 St"R18,60,NQR,40.745494,-73.988691
715,R,R021,R19,"23 St"R19,90,NQR,40.741303,-73.989344
716,R,R022,635,"14 St - Union Sq"635,90,456LNQR,40.734673,-73.989951
717,R,R023,R21,"8 St - NYU"R21,90,NQR,40.730328,-73.992629
718,R,R024,R22,"Prince St"R22,150,NQR,40.724329,-73.997702
719,R,R025,639,"Canal St"639,90,6JNQRZ,40.718803,-74.000193
720,R,R026,R24,"City Hall"R24,150,NR,40.713282,-74.006978
721,R,R027,R25,"Cortlandt St"R25,120,NR,40.710668,-74.011029
722,R,R028,R26,"Rector St"R26,90,NR,40.70722,-74.013342
723,R,R029,R27,"Whitehall St"R27,120,1NR,40.703087,-74.012994
724,R,R030,R28,"Court St"R28,210,2345NR,40.6941,-73.991777
725,R,R031,A41,"Jay St - MetroTech"A41,120,ACFNR,40.692338,-73.987342
726,R,R032,R30,"DeKalb Av"R30,180,BDNQR,40.690635,-73.981824
727,R,R033,235,"Atlantic Av - Barclays Ctr"235,240,2345BDNQR,40.684359,-73.977666
728,R,R034,R32,"Union St"R32,120,DNR,40.677316,-73.98311
729,R,R035,R33,"9 St"R33,90,DFGNR,40.670847,-73.988302
730,R,R036,R34,"Prospect Av"R34,120,DNR,40.665414,-73.992872
731,R,R037,R35,"25 St"R35,90,DNR,40.660397,-73.998091
732,R,R038,R36,"36 St"R36,90,DNR,40.655144,-74.003549
733,R,R039,R39,"45 St"R39,120,NR,40.648939,-74.010006
734,R,R040,R40,"53 St"R40,90,NR,40.645069,-74.014034
735,R,R041,R41,"59 St"R41,90,NR,40.641362,-74.017881
736,R,R042,R42,"Bay Ridge Av"R42,120,R,40.634967,-74.023377
737,R,R043,R43,"77 St"R43,90,R,40.629742,-74.02551
738,R,R044,R44,"86 St"R44,120,R,40.622687,-74.028398
739,R,R045,R45,"Bay Ridge - 95 St"R45,120,R,40.616622,-74.030876
740,Z,Z01,M23,"Broad St"M23,0,JZ,40.706476,-74.011056
741,Z,Z02,229,"Fulton St"229,120,2345ACJZ,40.709416,-74.006571
742,Z,Z03,M21,"Chambers St"M21,120,456JZ,40.713243,-74.003401
743,Z,Z04,639,"Canal St"639,120,6JNQRZ,40.718803,-74.000193
744,Z,Z05,M19,"Bowery"M19,150,JZ,40.72028,-73.993915
745,Z,Z06,M18,"Essex St"M18,120,FJMZ,40.718315,-73.987437
746,Z,Z07,M16,"Marcy Av"M16,450,JMZ,40.708359,-73.957757
747,Z,Z08,M11,"Myrtle Av"M11,240,JMZ,40.697207,-73.935657
748,Z,Z09,J30,"Gates Av"J30,180,JZ,40.68963,-73.92227
749,Z,Z010,J28,"Chauncey St"J28,150,JZ,40.682893,-73.910456
750,Z,Z011,A51,"Broadway Jct"A51,60,ACJLZ,40.678334,-73.905316
751,Z,Z012,J24,"Alabama Av"J24,90,JZ,40.676992,-73.898654
752,Z,Z013,J23,"Van Siclen Av"J23,60,JZ,40.678024,-73.891688
753,Z,Z014,J21,"Norwood Av"J21,150,JZ,40.68141,-73.880039
754,Z,Z015,J20,"Crescent St"J20,90,JZ,40.683194,-73.873785
755,Z,Z016,J17,"75 St"J17,150,JZ,40.691324,-73.867139
756,Z,Z017,J15,"Woodhaven Blvd"J15,180,JZ,40.693879,-73.851576
757,Z,Z018,J14,"104 St"J14,90,JZ,40.695178,-73.84433
758,Z,Z019,J12,"121 St"J12,180,JZ,40.700492,-73.828294
759,Z,Z020,G06,"Sutphin Blvd - Archer Av - JFK Airport"G06,240,EJZ,40.700486,-73.807969
760,Z,Z021,G05,"Jamaica Center - Parsons/Archer"G05,60,EJZ,40.702147,-73.801109
