"","station","is_night","mean_entries","mean_exits"
"1","1 AVE",0,5625.6,5541.9
"2","1 AVE",1,5207.42857142857,4985.5
"3","103 ST",0,2560.33125,1610.71666666667
"4","103 ST",1,1371.42037561717,989.25921667955
"5","103 ST-CORONA",0,4902.08333333333,2258.66666666667
"6","103 ST-CORONA",1,2464.28571428571,7488.80952380952
"7","104 ST",0,1362.5,709.5
"8","104 ST",1,773.333333333333,2345.71428571429
"9","110 ST",0,3747.5,3230.25
"10","110 ST",1,3361.78571428571,6397.38095238095
"11","111 ST",0,2862.83333333333,1567.75
"12","111 ST",1,1564.20634920635,5016.26984126984
"13","116 ST",0,2147.203125,3034.14375
"14","116 ST",1,1030.88113541855,2094.43714511843
"15","116 ST-COLUMBIA",0,2085.75,7345
"16","116 ST-COLUMBIA",1,2838.37248740017,2842.21360424809
"17","121 ST",0,698.4,700.05
"18","121 ST",1,551,1369.14285714286
"19","125 ST",0,2325.94237804878,2668.69786585366
"20","125 ST",1,1673.53885801721,2211.05614920443
"21","135 ST",0,720.745833333333,699.979166666667
"22","135 ST",1,478.831936686415,710.229029986195
"23","137 ST-CITY COL",0,2962.83333333333,3199.91666666667
"24","137 ST-CITY COL",1,1287.77777777778,3046.50793650794
"25","138 ST-3 AVE",0,4134.5625,3805.125
"26","138 ST-3 AVE",1,1897.32142857143,4099.46428571429
"27","138 ST-GR CONC",0,1644,1710
"28","138 ST-GR CONC",1,2510.95238095238,2895.47619047619
"29","14 ST",0,NA,NA
"30","14 ST",1,NA,NA
"31","14 ST-6 AVE",0,NA,NA
"32","14 ST-6 AVE",1,NA,NA
"33","14 ST-UNION SQ",0,NA,NA
"34","14 ST-UNION SQ",1,NA,NA
"35","145 ST",0,NA,NA
"36","145 ST",1,NA,NA
"37","148 ST-LENOX",0,3077,1443
"38","148 ST-LENOX",1,1730.2380952381,3905.95238095238
"39","149 ST-3 AVE",0,1738.98576512456,1622.61565836299
"40","149 ST-3 AVE",1,1495.40404040404,3593.28282828283
"41","149 ST-GR CONC",0,NA,NA
"42","149 ST-GR CONC",1,NA,NA
"43","15 ST-PROSPECT",0,858.075,1184.775
"44","15 ST-PROSPECT",1,272.785714285714,1270.92857142857
"45","155 ST",0,2091.25,2889.5
"46","155 ST",1,960.714285714286,2851.66666666667
"47","157 ST",0,3203.625,2969.71875
"48","157 ST",1,1233.21428571429,3071.25
"49","161 ST-YANKEE",0,NA,NA
"50","161 ST-YANKEE",1,NA,NA
"51","167 ST",0,2923.11545925275,1970.11000645448
"52","167 ST",1,2004.14342629482,4984.90039840637
"53","168 ST-BROADWAY",0,1455.7875,2194.3875
"54","168 ST-BROADWAY",1,2290.39285714286,2857.03571428571
"55","169 ST",0,1212.25,632.7
"56","169 ST",1,676.285714285714,1686.95238095238
"57","170 ST",0,1905.47932330827,1757.50939849624
"58","170 ST",1,1189.6843003413,3165.71672354949
"59","174-175 ST",0,461.416666666667,721.833333333333
"60","174-175 ST",1,405.396825396825,1679.28571428571
"61","175 ST",0,1184.578125,1005.84375
"62","175 ST",1,717.098214285714,2454.0625
"63","176 ST",0,2053.5,1847.0625
"64","176 ST",1,1600.53571428571,4494.82142857143
"65","18 AVE",0,2245.62730627306,1425.18450184502
"66","18 AVE",1,1034.76315789474,3472.60526315789
"67","18 ST",0,614.5484375,633.8578125
"68","18 ST",1,1118.74479596256,582.317911322178
"69","181 ST",0,5514.61363636364,3418.70454545455
"70","181 ST",1,2824.15584415584,5350.97402597403
"71","182-183 ST",0,1543.75,1883.5
"72","182-183 ST",1,996.904761904762,5085
"73","183 ST",0,2051.25,1828.5
"74","183 ST",1,1385.17857142857,4767.5
"75","190 ST",0,1629.25,1751.5
"76","190 ST",1,1517.85714285714,4840.71428571429
"77","191 ST",0,5899.875,2559.9375
"78","191 ST",1,3390.53571428571,6014.10714285714
"79","2 AVE",0,2805.6375,2512.40375
"80","2 AVE",1,2156.16317979353,2514.85164203614
"81","20 AVE",0,2029.375,1470
"82","20 AVE",1,825.238095238095,4318.69047619048
"83","207 ST",0,1162,1720
"84","207 ST",1,975.595238095238,2934.64285714286
"85","215 ST",0,437.25,732
"86","215 ST",1,454.464285714286,1225.17857142857
"87","219 ST",0,1402.75,1873.5
"88","219 ST",1,514.285714285714,2767.38095238095
"89","22 AVE-BAY PKY",0,447,778
"90","22 AVE-BAY PKY",1,265.952380952381,1134.28571428571
"91","225 ST",0,1828.25,2468.75
"92","225 ST",1,669.761904761905,3409.7619047619
"93","23 ST",0,2571.64974619289,4049.60659898477
"94","23 ST",1,2194.26494345719,1462.36672051696
"95","23 ST-6 AVE",0,3196.16666666667,6780.66666666667
"96","23 ST-6 AVE",1,6528.33333333333,4731.42857142857
"97","231 ST",0,374.55,1204.575
"98","231 ST",1,267.642857142857,2797.07142857143
"99","233 ST",0,999.75,2012.7
"100","233 ST",1,402.115384615385,2494.75961538462
"101","238 ST",0,100.5,2266.5
"102","238 ST",1,54.5238095238095,3372.85714285714
"103","242 ST",0,2815.3125,2002.6875
"104","242 ST",1,1557.67857142857,5616.96428571429
"105","25 AVE",0,1418.25,2283.25
"106","25 AVE",1,469.52380952381,4376.19047619048
"107","28 ST",0,2403.66964285714,4112.57142857143
"108","28 ST",1,2541.90182471107,1554.99681776661
"109","3 AVE",0,2382.875,3597.75
"110","3 AVE",1,2777.14285714286,1802.61904761905
"111","33 ST",0,1089.11214423441,1561.92441519705
"112","33 ST",1,1281.08495670996,762.63961038961
"113","33 ST/RAWSON ST",0,622.725,2057.4
"114","33 ST/RAWSON ST",1,2471.35714285714,1931.85714285714
"115","34 ST-HERALD SQ",0,NA,NA
"116","34 ST-HERALD SQ",1,NA,NA
"117","34 ST-PENN STA",0,1755.633794503,1694.00112445462
"118","34 ST-PENN STA",1,1837.63686257678,1553.39322042745
"119","36 ST",0,4353.125,5037
"120","36 ST",1,2346.30952380952,3906.66666666667
"121","40 ST-LOWERY ST",0,4111.125,2277.875
"122","40 ST-LOWERY ST",1,2518.33333333333,5015.59523809524
"123","42 ST-BRYANT PK",0,1892.85,5326.2
"124","42 ST-BRYANT PK",1,5582.64285714286,2270.17857142857
"125","46 ST-BLISS ST",0,2643.625,1571.9375
"126","46 ST-BLISS ST",1,1492.3185483871,3622.3185483871
"127","47-50 ST-ROCK",0,327.003125,1525.76423611111
"128","47-50 ST-ROCK",1,1750.8339841617,580.509226589776
"129","49 ST-7 AVE",0,1372.96923076923,3007.91282051282
"130","49 ST-7 AVE",1,2028.37028806924,1295.1180772969
"131","5 AVE-53 ST",0,1291.71428571429,4020.32142857143
"132","5 AVE-53 ST",1,3762.61904761905,735.816326530612
"133","5 AVE-BRYANT PK",0,16.02375,55.84375
"134","5 AVE-BRYANT PK",1,56.2673629270799,22.3964633190431
"135","50 ST",0,1239.71011904762,2137.46130952381
"136","50 ST",1,1950.00061912527,1169.99504873597
"137","52 ST-LINCOLN",0,3808.375,2129.125
"138","52 ST-LINCOLN",1,986.785714285714,2827.61904761905
"139","55 ST",0,704.25,908.25
"140","55 ST",1,819.761904761905,1716.42857142857
"141","57 ST",0,1772.125,4050.5625
"142","57 ST",1,2681.54761904762,726.130952380952
"143","57 ST-7 AVE",0,16.6675257731959,91.7770618556701
"144","57 ST-7 AVE",1,46.7505759353192,59.9029852242975
"145","59 ST",0,2490,2208
"146","59 ST",1,1802.40909090909,4512.72727272727
"147","59 ST-COLUMBUS",0,NA,NA
"148","59 ST-COLUMBUS",1,NA,NA
"149","6 AVE",0,783.75,3554.7
"150","6 AVE",1,1475.57142857143,2258.42857142857
"151","61 ST/WOODSIDE",0,4907.125,2655.875
"152","61 ST/WOODSIDE",1,1517.98155279731,3453.32382285548
"153","66 ST-LINCOLN",0,698.021032478853,1433.52938928733
"154","66 ST-LINCOLN",1,530.813243181871,701.802826425731
"155","68ST-HUNTER COL",0,2289.32142857143,6472.60714285714
"156","68ST-HUNTER COL",1,3282.85714285714,2354.94897959184
"157","69 ST-FISK AVE",0,2096.8125,1330.03125
"158","69 ST-FISK AVE",1,858.75,1487.94642857143
"159","7 AV-PARK SLOPE",0,859.916666666667,2578.33333333333
"160","7 AV-PARK SLOPE",1,345.079365079365,2487.61904761905
"161","7 AVE",0,6849.75,4548.28125
"162","7 AVE",1,2017.59036144578,4779.03614457831
"163","7 AVE-53 ST",0,3065.85,5311.725
"164","7 AVE-53 ST",1,4518.96746295949,1468.09820362786
"165","71 ST",0,1316.1,757.5
"166","71 ST",1,633.428571428571,3418.71428571429
"167","72 ST",0,5187.72427440633,5710.21108179419
"168","72 ST",1,2830.44082463761,3157.58730603993
"169","74 ST-BROADWAY",0,2454.3,1521.6
"170","74 ST-BROADWAY",1,1880.57142857143,1609.14285714286
"171","75 AVE",0,103.661340448836,542.789023839947
"172","75 AVE",1,117.5,1340.35714285714
"173","77 ST",0,4226.25,5246.48684210526
"174","77 ST",1,3246.31074168798,3481.82225063939
"175","79 ST",0,1239.14963483473,2671.09855207774
"176","79 ST",1,879.029761904762,2902.36734693878
"177","8 AVE",0,4779.125,7719.91666666667
"178","8 AVE",1,2939.60212201592,2791.79045092838
"179","82 ST-JACKSON H",0,4642.98994974874,2540.1256281407
"180","82 ST-JACKSON H",1,3658.77990430622,4597.46411483254
"181","86 ST",0,3884.56914893617,4059.9414893617
"182","86 ST",1,3698.78247265422,4594.28099861569
"183","9 AVE",0,2712.42857142857,1320.10714285714
"184","9 AVE",1,826.836734693878,2179.08163265306
"185","90 ST-ELMHURST",0,2642.35857820793,2283.01002132476
"186","90 ST-ELMHURST",1,1563.73015873016,6107.61904761905
"187","96 ST",0,4139.86842105263,5699.36842105263
"188","96 ST",1,2054.63322091062,4113.35160202361
"189","ALLERTON AVE",0,2144.75,3519.5
"190","ALLERTON AVE",1,1048.09523809524,4275
"191","AQUEDUCT-N CNDT",0,1622.85,431.1
"192","AQUEDUCT-N CNDT",1,614.571428571429,617.285714285714
"193","ASTOR PLACE",0,4085.4375,4054.4375
"194","ASTOR PLACE",1,2055.40326571389,2028.91479193428
"195","ATLANTIC AVE",0,341.25,889.75
"196","ATLANTIC AVE",1,448.333333333333,1437.38095238095
"197","AVE I",0,1148,954.75
"198","AVE I",1,569.52380952381,656.904761904762
"199","AVE N",0,879.964285714286,683.357142857143
"200","AVE N",1,352.551020408163,1116.9387755102
"201","AVE P",0,1104.25,856.75
"202","AVE P",1,768.809523809524,2753.09523809524
"203","AVE U",0,1522.59375,1134.375
"204","AVE U",1,562.142857142857,1915.71428571429
"205","AVE X",0,968.5,757.25
"206","AVE X",1,792.142857142857,1862.14285714286
"207","BARCLAYS CENTER",0,NA,NA
"208","BARCLAYS CENTER",1,NA,NA
"209","BAY 50 ST",0,537.5,1405.5
"210","BAY 50 ST",1,393.095238095238,2364.28571428571
"211","BAY PARKWAY",0,3315,1930.82142857143
"212","BAY PARKWAY",1,1038.87755102041,2905.20408163265
"213","BAY RIDGE AVE",0,1510.25,1264.625
"214","BAY RIDGE AVE",1,758.333333333333,3999.04761904762
"215","BAY RIDGE-95 ST",0,1061.18644067797,664.194915254237
"216","BAY RIDGE-95 ST",1,656.825396825397,2040.2380952381
"217","BAYCHESTER AVE",0,442.5,1746
"218","BAYCHESTER AVE",1,186.428571428571,2806.90476190476
"219","BEACH 25 ST",0,1100.7,323.7
"220","BEACH 25 ST",1,453.142857142857,1079.42857142857
"221","BEACH 36 ST",0,564.6,208.8
"222","BEACH 36 ST",1,285.428571428571,572
"223","BEACH 44 ST",0,401.85,157.35
"224","BEACH 44 ST",1,235.285714285714,389
"225","BEACH 60 ST",0,1395.75,579.9
"226","BEACH 60 ST",1,778.428571428571,1529
"227","BEACH 67 ST",0,1432.8,758.55
"228","BEACH 67 ST",1,1043.57142857143,1546.85714285714
"229","BEDFORD AVE",0,6494.40245581669,4925.65038367958
"230","BEDFORD AVE",1,4086.36904761905,5491.30952380952
"231","BEDFORD PARK BL",0,1613.25,1391.625
"232","BEDFORD PARK BL",1,597.946428571429,2124.64285714286
"233","BEDFORD/NOSTRAN",0,1912.82142857143,1400.46428571429
"234","BEDFORD/NOSTRAN",1,945.885416666667,3455.52083333333
"235","BERGEN ST",0,1423.44230769231,1877.01923076923
"236","BERGEN ST",1,704.67032967033,1500.32967032967
"237","BEVERLY ROAD",0,534,1118.625
"238","BEVERLY ROAD",1,365,3438.57142857143
"239","BOWERY",0,1425.25,2794.25
"240","BOWERY",1,2154.28571428571,1412.38095238095
"241","BOWLING GREEN",0,365.127801724138,1954.06918103448
"242","BOWLING GREEN",1,1567.44374281976,1656.67694811286
"243","BOYD-88 ST",0,1363,2388.75
"244","BOYD-88 ST",1,308.333333333333,5104.04761904762
"245","BRIGHTON BEACH",0,1353.05357142857,1324.5
"246","BRIGHTON BEACH",1,1516.02040816327,2520.35714285714
"247","BROAD ST",0,168.057692307692,1415.88461538462
"248","BROAD ST",1,431.098901098901,237.802197802198
"249","BROADWAY",0,3223.5,3126.25
"250","BROADWAY",1,1423.09523809524,2722.61904761905
"251","BROADWAY-ENY",0,NA,NA
"252","BROADWAY-ENY",1,NA,NA
"253","BRONX PARK EAST",0,1027.5,1517.5
"254","BRONX PARK EAST",1,483.333333333333,2070.2380952381
"255","BROOK AVE",0,2225.46428571429,1774.17857142857
"256","BROOK AVE",1,1058.16326530612,1868.97959183673
"257","BROOKLYN BRIDGE",0,184.378125,648.68359375
"258","BROOKLYN BRIDGE",1,955.245437558739,568.232160805346
"259","BUHRE AVE",0,1501.375,675.625
"260","BUHRE AVE",1,411.547619047619,1317.2619047619
"261","BURKE AVE",0,1246.5,1889.25
"262","BURKE AVE",1,396.666666666667,2868.33333333333
"263","BURNSIDE AVE",0,3103.2,2707.05
"264","BURNSIDE AVE",1,2322.42857142857,6270.57142857143
"265","BUSHWICK AVE",0,1463.25,819
"266","BUSHWICK AVE",1,772.142857142857,1992.61904761905
"267","CANAL ST",0,NA,NA
"268","CANAL ST",1,NA,NA
"269","CARROLL ST",0,900.511363636364,1332.47727272727
"270","CARROLL ST",1,883.826086956522,2501.21739130435
"271","CASTLE HILL AVE",0,2044.92857142857,1003.28571428571
"272","CASTLE HILL AVE",1,1349.69387755102,2886.9387755102
"273","CENTRAL AVE",0,2424,1408.875
"274","CENTRAL AVE",1,660.357142857143,1953.39285714286
"275","CHAMBERS ST",0,983.977275630381,2965.16887038923
"276","CHAMBERS ST",1,2482.00089928058,2207.45503597122
"277","CHAUNCEY ST",0,1406,2057
"278","CHAUNCEY ST",1,465.47619047619,2321.90476190476
"279","CHURCH AVE",0,2003.26594426241,1366.12103159332
"280","CHURCH AVE",1,1122.03286082474,2961.92976804124
"281","CLARK ST",0,2208.1875,2734.875
"282","CLARK ST",1,2031.25,3861.07142857143
"283","CLASSON AVE",0,3807,1911
"284","CLASSON AVE",1,2174.52380952381,4574.28571428571
"285","CLEVELAND ST",0,5341.5,2860.125
"286","CLEVELAND ST",1,1680.35714285714,4254.28571428571
"287","CLINTON-WASH AV",0,285.75,1243.125
"288","CLINTON-WASH AV",1,109.821428571429,1163.92857142857
"289","CRESCENT ST",0,5749.5,2682.25
"290","CRESCENT ST",1,1679.28571428571,4353.33333333333
"291","CYPRESS AVE",0,922.125,1428.125
"292","CYPRESS AVE",1,803.809523809524,1190.47619047619
"293","CYPRESS HILLS",0,681.5,476
"294","CYPRESS HILLS",1,492.142857142857,1392.14285714286
"295","DEKALB AVE",0,1214.2125,2039.9625
"296","DEKALB AVE",1,1209.46428571429,3834.14285714286
"297","DELANCEY ST",0,3436.75,3654.625
"298","DELANCEY ST",1,1545.59523809524,1986.19047619048
"299","DITMARS BL-31 S",0,5777.90625,2348.71875
"300","DITMARS BL-31 S",1,2505.625,6519.10714285714
"301","DITMAS AVE",0,2077.25,1189.75
"302","DITMAS AVE",1,822.619047619048,1341.66666666667
"303","DYCKMAN ST",0,1849.625,1719.5
"304","DYCKMAN ST",1,1217.38095238095,3384.64285714286
"305","DYCKMAN-200 ST",0,180,4444.25
"306","DYCKMAN-200 ST",1,86.1904761904762,5333.57142857143
"307","DYRE AVE",0,2406.45,1347
"308","DYRE AVE",1,1047.42857142857,2114
"309","E 143 ST",0,355.25,385.125
"310","E 143 ST",1,343.690476190476,247.02380952381
"311","E 149 ST",0,2078.75,1499.875
"312","E 149 ST",1,949.642857142857,1783.21428571429
"313","E 177 ST-PARKCH",0,4681.375,2139.625
"314","E 177 ST-PARKCH",1,1382.97619047619,3363.33333333333
"315","E 180 ST",0,4068.25,2270.625
"316","E 180 ST",1,2382.14285714286,2861.90476190476
"317","EAST BROADWAY",0,1368.30985915493,2365.98591549296
"318","EAST BROADWAY",1,1609.48695652174,3182.67391304348
"319","ELDER AVE",0,3375.125,1744.375
"320","ELDER AVE",1,1053.21428571429,2775.35714285714
"321","ELDERTS LANE",0,1213.35,562.65
"322","ELDERTS LANE",1,640.142857142857,2191.28571428571
"323","ESSEX ST",0,1905.75,2939.25
"324","ESSEX ST",1,1245.71428571429,2382.55102040816
"325","EUCLID AVE",0,876.964285714286,1437.64285714286
"326","EUCLID AVE",1,699.69387755102,3969.28571428571
"327","FAR ROCKAWAY",0,1735.17857142857,1031.03571428571
"328","FAR ROCKAWAY",1,1437.65306122449,2024.18367346939
"329","FLATBUSH AVE",0,1762.34210526316,1708.57894736842
"330","FLATBUSH AVE",1,674.624060150376,2269.43609022556
"331","FLUSHING AVE",0,1065.14423076923,2333.56730769231
"332","FLUSHING AVE",1,822.841328413284,1395.60885608856
"333","FORDHAM ROAD",0,1300.359375,2203.40625
"334","FORDHAM ROAD",1,945.892857142857,4266.74107142857
"335","FOREST AVE",0,3180.75,1719
"336","FOREST AVE",1,810.714285714286,3659.7619047619
"337","FOREST HILLS-71",0,1778.625,2433.47727272727
"338","FOREST HILLS-71",1,628.928571428571,2804.61038961039
"339","FOREST PARKWAY",0,1382.0625,851.8125
"340","FOREST PARKWAY",1,766.607142857143,3227.67857142857
"341","FRANKLIN ST",0,779.71875,2263.03125
"342","FRANKLIN ST",1,751.25,730.892857142857
"343","FRESH POND ROAD",0,2480.0625,998.25
"344","FRESH POND ROAD",1,558.75,1931.60714285714
"345","FT HAMILTON PKY",0,1396.31443298969,1363.53092783505
"346","FT HAMILTON PKY",1,442.204433497537,2001.0960591133
"347","FULTON ST",0,NA,NA
"348","FULTON ST",1,NA,NA
"349","GATES AVE",0,2640.75,4266.75
"350","GATES AVE",1,971.190476190476,4691.90476190476
"351","GRAHAM AVE",0,3107.41525423729,2345.84745762712
"352","GRAHAM AVE",1,1859.82142857143,4706.60714285714
"353","GRAND ST",0,2379.21348314607,3778.8202247191
"354","GRAND ST",1,3886.07913669065,3834.98201438849
"355","GRAND-30 AVE",0,5813.25,2864.125
"356","GRAND-30 AVE",1,2900.95238095238,7540
"357","GRANT AVE",0,3843.5625,1617.375
"358","GRANT AVE",1,1963.92857142857,5330.89285714286
"359","GREENPOINT AVE",0,1272.45,1503.225
"360","GREENPOINT AVE",1,1293.71428571429,2181.28571428571
"361","GUN HILL ROAD",0,2359.5,1919.55
"362","GUN HILL ROAD",1,1253.21428571429,3132.92857142857
"363","HALSEY ST",0,2039.04545454545,1875.95454545455
"364","HALSEY ST",1,848.831168831169,3604.48051948052
"365","HEWES ST",0,1436.5,2913.5
"366","HEWES ST",1,751.190476190476,2060.47619047619
"367","HIGH ST",0,3206.625,3282.375
"368","HIGH ST",1,4028.92857142857,3074.7619047619
"369","HOUSTON ST",0,1292.9,3270.95
"370","HOUSTON ST",1,1331,760.095238095238
"371","HOWARD BCH-JFK",0,267.214285714286,929.25
"372","HOWARD BCH-JFK",1,100.510204081633,660.510204081633
"373","HOYT ST",0,680.75,1268.625
"374","HOYT ST",1,1465.47619047619,1119.10714285714
"375","HOYT ST-ASTORIA",0,4171.11203818524,2387.94699941568
"376","HOYT ST-ASTORIA",1,1811.38698630137,5448.5102739726
"377","HOYT/SCHERMER",0,3099.45,4121.25
"378","HOYT/SCHERMER",1,4574.28571428571,3954.28571428571
"379","HUDSON-80 ST",0,1648.92857142857,894.857142857143
"380","HUDSON-80 ST",1,353.979591836735,1899.79591836735
"381","HUNTERS PT AVE",0,1119.45,1174.95
"382","HUNTERS PT AVE",1,1014.85714285714,1176.57142857143
"383","HUNTS POINT AVE",0,2218.97368421053,2004.15789473684
"384","HUNTS POINT AVE",1,1203.92857142857,2443.42857142857
"385","INWOOD-207 ST",0,1426.97727272727,1534.15909090909
"386","INWOOD-207 ST",1,456.493506493507,2027.53246753247
"387","JAMAICA CENTER",0,62.6726190476191,37.7625
"388","JAMAICA CENTER",1,46.4405466270628,100.463135878197
"389","JAMAICA-179 ST",0,1040.25,713.21875
"390","JAMAICA-179 ST",1,540.327380952381,2918.75
"391","JAMAICA-VAN WYC",0,2177.67857142857,1424.14285714286
"392","JAMAICA-VAN WYC",1,923.775510204082,1589.69387755102
"393","JEFFERSON ST",0,978.75,2677.05
"394","JEFFERSON ST",1,741.850961538462,4151.82692307692
"395","JFK HOWARD BCH",0,695.875313332845,866.371887218928
"396","JFK HOWARD BCH",1,344.501819587303,497.589252219104
"397","JUNCTION BLVD",0,4469.4375,1874.1875
"398","JUNCTION BLVD",1,2180.83333333333,5927.20238095238
"399","KINGS HIGHWAY",0,2124.02795881126,1235.73318561001
"400","KINGS HIGHWAY",1,1133.89081455806,2814.52772963605
"401","KINGSBRIDGE RD",0,2009.64705882353,1786.54411764706
"402","KINGSBRIDGE RD",1,841.008403361345,2377.39495798319
"403","KNICKERBOCKER",0,2915.25,1796.4375
"404","KNICKERBOCKER",1,881.607142857143,2045.53571428571
"405","KOSCIUSZKO ST",0,2151,3191
"406","KOSCIUSZKO ST",1,1043.80952380952,3534.52380952381
"407","LEXINGTON-53 ST",0,1384.88709677419,3345.87096774194
"408","LEXINGTON-53 ST",1,4108.45622119816,2041.33640552995
"409","LONGWOOD AVE",0,1364.25,1240
"410","LONGWOOD AVE",1,810.714285714286,1248.09523809524
"411","LORIMER ST",0,1255.07692307692,2203.84615384615
"412","LORIMER ST",1,501.208133971292,2358.62440191388
"413","MAIN ST",0,4633.91666666667,3110.80555555556
"414","MAIN ST",1,3481.03174603175,6438.96825396825
"415","MARBLE HILL-225",0,807.375,1734.45
"416","MARBLE HILL-225",1,507.45,3208.05
"417","MARCY AVE",0,1423.55,1634.6
"418","MARCY AVE",1,756.333333333333,1343.04761904762
"419","METROPOLITAN AV",0,2939.89285714286,3855.10714285714
"420","METROPOLITAN AV",1,947.959183673469,2546.12244897959
"421","METS-WILLETS PT",0,782.566063977747,986.34909596662
"422","METS-WILLETS PT",1,339.864238410596,165.53642384106
"423","MIDDLETOWN ROAD",0,930,453.625
"424","MIDDLETOWN ROAD",1,319.285714285714,833.333333333333
"425","MONTROSE AVE",0,4225.5,3925
"426","MONTROSE AVE",1,2615.95238095238,6531.66666666667
"427","MORGAN AVE",0,1797.1875,3494.0625
"428","MORGAN AVE",1,1366.60714285714,4994.64285714286
"429","MORRISON AVE",0,2633.875,1065.625
"430","MORRISON AVE",1,1412.14285714286,3525.2380952381
"431","MOSHOLU PARKWAY",0,844.583333333333,2130.08333333333
"432","MOSHOLU PARKWAY",1,489.52380952381,1986.90476190476
"433","MT EDEN AVE",0,2531.625,1814.8125
"434","MT EDEN AVE",1,2039.82142857143,4173.39285714286
"435","MYRTLE AVE",0,5879.25,5427.375
"436","MYRTLE AVE",1,2037.85714285714,6067.85714285714
"437","MYRTLE-WILLOUGH",0,1492.5,1613.03571428571
"438","MYRTLE-WILLOUGH",1,443.163265306122,1970.20408163265
"439","NASSAU AV",0,1229.41666666667,1652.83333333333
"440","NASSAU AV",1,954.614361702128,2503.52393617021
"441","NEPTUNE AVE",0,495.25,946.75
"442","NEPTUNE AVE",1,301.666666666667,1371.66666666667
"443","NEREID AVE",0,1275.25,2124.75
"444","NEREID AVE",1,622.380952380952,2646.42857142857
"445","NEVINS ST",0,1427.925,1973.775
"446","NEVINS ST",1,2479.21428571429,2205.14285714286
"447","NEW LOTS AVE",0,4854.5,3325
"448","NEW LOTS AVE",1,2122.85714285714,3891.66666666667
"449","NEW UTRECHT AVE",0,1938.9375,1323.1875
"450","NEW UTRECHT AVE",1,875.28901734104,1780.75144508671
"451","NEWKIRK AVE",0,180.092636667921,1289.47504328442
"452","NEWKIRK AVE",1,78.4748677248677,2094.09259259259
"453","NEWKIRK PLAZA",0,6619.8,3693.3
"454","NEWKIRK PLAZA",1,1878.57142857143,5162.85714285714
"455","NORWOOD AVE",0,3852.5,2016.25
"456","NORWOOD AVE",1,1238.80952380952,2930.47619047619
"457","NORWOOD-205 ST",0,2496.1875,1786.125
"458","NORWOOD-205 ST",1,878.839285714286,2645.71428571429
"459","NOSTRAND AVE",0,4599,3800.67857142857
"460","NOSTRAND AVE",1,3238.16326530612,7220.81632653061
"461","OCEAN PARKWAY",0,618.642857142857,635.464285714286
"462","OCEAN PARKWAY",1,642.123287671233,1265.85616438356
"463","ORCHARD BEACH",0,10.5,180.6
"464","ORCHARD BEACH",1,2.14285714285714,10.2857142857143
"465","PARK PLACE",0,587.4375,2153.25
"466","PARK PLACE",1,2382.5,1378.39285714286
"467","PARSONS BLVD",0,1290.54545454545,595.5
"468","PARSONS BLVD",1,791.298701298701,1765.25974025974
"469","PELHAM BAY PARK",0,1367.7852645322,1158.84335524423
"470","PELHAM BAY PARK",1,1131.66666666667,2230.31746031746
"471","PELHAM PARKWAY",0,1213.83333333333,2211.75
"472","PELHAM PARKWAY",1,641.005434782609,2154.21195652174
"473","QUEENS PLAZA",0,727.34375,1077.5625
"474","QUEENS PLAZA",1,818.571428571429,522.916666666667
"475","RECTOR ST",0,1386,2484.75
"476","RECTOR ST",1,2347.31588493433,2684.73143436494
"477","ROCKAWAY BLVD",0,460.78125,453.46875
"478","ROCKAWAY BLVD",1,233.125,325.178571428571
"479","ROCKAWAY PKY",0,1243,2551.41666666667
"480","ROCKAWAY PKY",1,463.44414893617,3314.60106382979
"481","ROOSEVELT AVE",0,1361.34537528765,884.368205194744
"482","ROOSEVELT AVE",1,728.35093441448,1511.42859039163
"483","ROOSEVELT IS",0,2398.15789473684,1357.36842105263
"484","ROOSEVELT IS",1,1492.38095238095,2483.92857142857
"485","SENECA AVE",0,2052.97537878788,954.659090909091
"486","SENECA AVE",1,498.484538002981,1597.99180327869
"487","SHEEPSHEAD BAY",0,4255.41666666667,2583.75
"488","SHEEPSHEAD BAY",1,1438.08510638298,3565.25265957447
"489","SMITH-9 ST",0,1524.875,1432.125
"490","SMITH-9 ST",1,2449.7619047619,2026.54761904762
"491","SPRING ST",0,3024.20625,819.99375
"492","SPRING ST",1,4623.65046346549,609.186859695606
"493","ST LAWRENCE AVE",0,1851.375,665.375
"494","ST LAWRENCE AVE",1,974.761904761905,2283.80952380952
"495","STERLING ST",0,3079.75,2047
"496","STERLING ST",1,1846.90476190476,5744.04761904762
"497","STILLWELL AVE",0,2551.9125,3207.75
"498","STILLWELL AVE",1,1265.60714285714,1378.96428571429
"499","SUTPHIN BLVD",0,798.354271356784,819.007537688442
"500","SUTPHIN BLVD",1,304.785714285714,1114.85714285714
"501","SUTTER AVE",0,5847.375,4446
"502","SUTTER AVE",1,2332.85714285714,5042.14285714286
"503","TREMONT AVE",0,2039.25,1822
"504","TREMONT AVE",1,815.952380952381,2722.93650793651
"505","UNION TPK-KEW G",0,3695.8125,1831.0125
"506","UNION TPK-KEW G",1,1738,3531.5
"507","UTICA AVE",0,2988.46153846154,2447.13461538462
"508","UTICA AVE",1,1019.72527472527,2711.59340659341
"509","VAN ALSTON-21ST",0,1179.75,1665.5
"510","VAN ALSTON-21ST",1,1339.04761904762,633.809523809524
"511","VAN SICLEN AVE",0,3142.625,1756.375
"512","VAN SICLEN AVE",1,979.354838709677,2430.24193548387
"513","VAN WYCK BLVD",0,805.78125,475.03125
"514","VAN WYCK BLVD",1,362.142857142857,1829.91071428571
"515","VERNON/JACKSON",0,2049.34615384615,1601.30769230769
"516","VERNON/JACKSON",1,1550.27472527473,2981.7032967033
"517","W 4 ST-WASH SQ",0,NA,NA
"518","W 4 ST-WASH SQ",1,NA,NA
"519","W 8 ST-AQUARIUM",0,442.875,740.34375
"520","W 8 ST-AQUARIUM",1,1128.75,950.625
"521","WAKEFIELD-241",0,3058.2,2173.95
"522","WAKEFIELD-241",1,1523.14285714286,2302.42857142857
"523","WALL ST",0,752.298263534219,2553.37078651685
"524","WALL ST",1,2329.5606134372,1258.94839337877
"525","WASHINGTON-36 A",0,3850.5,2659.875
"526","WASHINGTON-36 A",1,2636.42857142857,5106.78571428571
"527","WESTCHESTER SQ",0,3772.75,2591.25
"528","WESTCHESTER SQ",1,3983.60655737705,5410.45081967213
"529","WHITLOCK AVE",0,772.875,355.625
"530","WHITLOCK AVE",1,539.761904761905,899.761904761905
"531","WILSON AVE",0,3992,1800
"532","WILSON AVE",1,1921.19047619048,4577.14285714286
"533","WINTHROP ST",0,17.8609025308858,74.3994017707505
"534","WINTHROP ST",1,11.452380952381,55.0595238095238
"535","WOODHAVEN BLVD",0,704.625,743.34375
"536","WOODHAVEN BLVD",1,513.14371257485,1745.65868263473
"537","WOODLAWN ROAD",0,1411.35,2319.6
"538","WOODLAWN ROAD",1,906,4330.42857142857
"539","WORLD TRADE CTR",0,1184.65909090909,3321.40909090909
"540","WORLD TRADE CTR",1,2004.87012987013,2625.32467532468
"541","YORK ST",0,4499.25,8682
"542","YORK ST",1,4338.33333333333,3339.7619047619
"543","ZEREGA AVE",0,890.875,624
"544","ZEREGA AVE",1,446.309523809524,881.428571428571
